account_id,campaign,ad_pack,impressions,clicks,cost,views,install,orders,revenue,link_clicks,conversions,conversion_value,engagements,date,channel,request_id,updated_at
566-352-3778,1_닥터디퍼런트 키워드,닥터디퍼런트 키워드: 동적 광고그룹,1365,23,7833,0.0,240.65,0.0,0.0,23.0,3.0,143800.0,0.0,2025-01-01,google||1_닥터디퍼런트 키워드(14827975189)||닥터디퍼런트 키워드: 동적 광고그룹(143561546287,333,2025-05-23 13:32:45.042786
566-352-3778,디맨드젠__CEQ_1,디맨드젠_그룹_1,34725,283,461277,4699.0,1318.86,0.0,0.0,283.0,5.71,386218.52,0.0,2025-01-01,google||디맨드젠__CEQ_1(21853107252)||디맨드젠_그룹_1(172097071360,333,2025-05-23 13:32:45.042786
566-352-3778,1_닥터디퍼런트 키워드,닥터디퍼런트 키워드: 동적 광고그룹,1521,19,3678,0.0,220.64,0.0,0.0,19.0,6.0,257000.0,0.0,2025-01-02,google||1_닥터디퍼런트 키워드(14827975189)||닥터디퍼런트 키워드: 동적 광고그룹(143561546287,333,2025-05-23 13:32:45.042786
566-352-3778,디맨드젠__CEQ_1,디맨드젠_그룹_1,30747,245,491542,4346.0,1120.54,0.0,0.0,245.0,5.18,254366.5,0.0,2025-01-02,google||디맨드젠__CEQ_1(21853107252)||디맨드젠_그룹_1(172097071360,333,2025-05-23 13:32:45.042786
566-352-3778,1_닥터디퍼런트 키워드,닥터디퍼런트 키워드: 동적 광고그룹,1690,23,5954,0.0,653.61,0.0,0.0,23.0,6.0,278850.0,0.0,2025-01-03,google||1_닥터디퍼런트 키워드(14827975189)||닥터디퍼런트 키워드: 동적 광고그룹(143561546287,333,2025-05-23 13:32:45.042786
566-352-3778,디맨드젠__CEQ_1,디맨드젠_그룹_1,29803,234,481787,3933.0,2014.16,0.0,0.0,234.0,16.43,1156980.21,0.0,2025-01-03,google||디맨드젠__CEQ_1(21853107252)||디맨드젠_그룹_1(172097071360,333,2025-05-23 13:32:45.042786
566-352-3778,1_닥터디퍼런트 키워드,닥터디퍼런트 키워드: 동적 광고그룹,1407,28,5589,0.0,231.0,0.0,0.0,28.0,4.0,376200.0,0.0,2025-01-04,google||1_닥터디퍼런트 키워드(14827975189)||닥터디퍼런트 키워드: 동적 광고그룹(143561546287,333,2025-05-23 13:32:45.042786
566-352-3778,디맨드젠__CEQ_1,디맨드젠_그룹_1,29359,246,472440,4074.0,1716.75,0.0,0.0,246.0,11.98,846095.74,0.0,2025-01-04,google||디맨드젠__CEQ_1(21853107252)||디맨드젠_그룹_1(172097071360,333,2025-05-23 13:32:45.042786
566-352-3778,1_닥터디퍼런트 키워드,닥터디퍼런트 키워드: 동적 광고그룹,1796,18,4114,0.0,602.72,0.0,0.0,18.0,4.0,306280.0,0.0,2025-01-05,google||1_닥터디퍼런트 키워드(14827975189)||닥터디퍼런트 키워드: 동적 광고그룹(143561546287,333,2025-05-23 13:32:45.042786
566-352-3778,디맨드젠__CEQ_1,디맨드젠_그룹_1,29879,299,480488,4089.0,1475.96,0.0,0.0,299.0,5.92,416296.44,0.0,2025-01-05,google||디맨드젠__CEQ_1(21853107252)||디맨드젠_그룹_1(172097071360,333,2025-05-23 13:32:45.042786
566-352-3778,1_닥터디퍼런트 키워드,닥터디퍼런트 키워드: 동적 광고그룹,1839,21,4228,0.0,355.32,0.0,0.0,21.0,4.0,212600.0,0.0,2025-01-06,google||1_닥터디퍼런트 키워드(14827975189)||닥터디퍼런트 키워드: 동적 광고그룹(143561546287,333,2025-05-23 13:32:45.042786
566-352-3778,디맨드젠__CEQ_1,디맨드젠_그룹_1,27167,227,479668,3825.0,963.26,0.0,0.0,227.0,8.99,661972.34,0.0,2025-01-06,google||디맨드젠__CEQ_1(21853107252)||디맨드젠_그룹_1(172097071360,333,2025-05-23 13:32:45.042786
566-352-3778,1_닥터디퍼런트 키워드,닥터디퍼런트 키워드: 동적 광고그룹,1794,28,3970,0.0,257.58,0.0,0.0,28.0,8.0,430350.0,0.0,2025-01-07,google||1_닥터디퍼런트 키워드(14827975189)||닥터디퍼런트 키워드: 동적 광고그룹(143561546287,333,2025-05-23 13:32:45.042786
566-352-3778,디맨드젠__CEQ_1,디맨드젠_그룹_1,26001,224,477866,3633.0,960.53,0.0,0.0,224.0,5.49,352891.69,0.0,2025-01-07,google||디맨드젠__CEQ_1(21853107252)||디맨드젠_그룹_1(172097071360,333,2025-05-23 13:32:45.042786
566-352-3778,1_닥터디퍼런트 키워드,닥터디퍼런트 키워드: 동적 광고그룹,1903,33,7712,0.0,701.91,0.0,0.0,33.0,7.0,359450.0,0.0,2025-01-08,google||1_닥터디퍼런트 키워드(14827975189)||닥터디퍼런트 키워드: 동적 광고그룹(143561546287,333,2025-05-23 13:32:45.042786
566-352-3778,디맨드젠__CEQ_1,디맨드젠_그룹_1,27179,231,478621,3740.0,1204.36,0.0,0.0,231.0,2.23,134722.67,0.0,2025-01-08,google||디맨드젠__CEQ_1(21853107252)||디맨드젠_그룹_1(172097071360,333,2025-05-23 13:32:45.042786
566-352-3778,1_닥터디퍼런트 키워드,닥터디퍼런트 키워드: 동적 광고그룹,1912,40,8563,0.0,514.31,0.0,0.0,40.0,5.0,437950.0,0.0,2025-01-09,google||1_닥터디퍼런트 키워드(14827975189)||닥터디퍼런트 키워드: 동적 광고그룹(143561546287,333,2025-05-23 13:32:45.042786
566-352-3778,디맨드젠__CEQ_1,디맨드젠_그룹_1,25930,232,476214,3559.0,4141.47,0.0,0.0,232.0,7.27,505279.97,0.0,2025-01-09,google||디맨드젠__CEQ_1(21853107252)||디맨드젠_그룹_1(172097071360,333,2025-05-23 13:32:45.042786
566-352-3778,1_닥터디퍼런트 키워드,닥터디퍼런트 키워드: 동적 광고그룹,2060,28,5214,0.0,294.43,0.0,0.0,28.0,5.98,329918.23,0.0,2025-01-10,google||1_닥터디퍼런트 키워드(14827975189)||닥터디퍼런트 키워드: 동적 광고그룹(143561546287,333,2025-05-23 13:32:45.042786
566-352-3778,디맨드젠__CEQ_1,디맨드젠_그룹_1,26929,235,475488,3654.0,1603.1,0.0,0.0,235.0,8.28,585869.08,0.0,2025-01-10,google||디맨드젠__CEQ_1(21853107252)||디맨드젠_그룹_1(172097071360,333,2025-05-23 13:32:45.042786
566-352-3778,1_닥터디퍼런트 키워드,닥터디퍼런트 키워드: 동적 광고그룹,2368,25,7866,0.0,411.6,0.0,0.0,25.0,6.0,485372.0,0.0,2025-01-11,google||1_닥터디퍼런트 키워드(14827975189)||닥터디퍼런트 키워드: 동적 광고그룹(143561546287,333,2025-05-23 13:32:45.042786
566-352-3778,디맨드젠__CEQ_1,디맨드젠_그룹_1,27606,257,474952,3939.0,1709.13,0.0,0.0,257.0,12.24,950347.18,0.0,2025-01-11,google||디맨드젠__CEQ_1(21853107252)||디맨드젠_그룹_1(172097071360,333,2025-05-23 13:32:45.042786
566-352-3778,1_닥터디퍼런트 키워드,닥터디퍼런트 키워드: 동적 광고그룹,2664,33,9819,0.0,605.06,0.0,0.0,33.0,9.0,569400.0,0.0,2025-01-12,google||1_닥터디퍼런트 키워드(14827975189)||닥터디퍼런트 키워드: 동적 광고그룹(143561546287,333,2025-05-23 13:32:45.042786
566-352-3778,디맨드젠__CEQ_1,디맨드젠_그룹_1,27190,258,472807,3778.0,1951.17,0.0,0.0,258.0,9.82,614538.62,0.0,2025-01-12,google||디맨드젠__CEQ_1(21853107252)||디맨드젠_그룹_1(172097071360,333,2025-05-23 13:32:45.042786
566-352-3778,1_닥터디퍼런트 키워드,닥터디퍼런트 키워드: 동적 광고그룹,2153,30,7178,0.0,310.53,0.0,0.0,30.0,17.0,881946.0,0.0,2025-01-13,google||1_닥터디퍼런트 키워드(14827975189)||닥터디퍼런트 키워드: 동적 광고그룹(143561546287,333,2025-05-23 13:32:45.042786
566-352-3778,디맨드젠__CEQ_1,디맨드젠_그룹_1,19986,202,372241,2978.0,1819.01,0.0,0.0,202.0,12.42,798565.55,0.0,2025-01-13,google||디맨드젠__CEQ_1(21853107252)||디맨드젠_그룹_1(172097071360,333,2025-05-23 13:32:45.042786
566-352-3778,1_닥터디퍼런트 키워드,닥터디퍼런트 키워드: 동적 광고그룹,9,1,2,0.0,33.91,0.0,0.0,1.0,1.0,51550.0,0.0,2025-01-14,google||1_닥터디퍼런트 키워드(14827975189)||닥터디퍼런트 키워드: 동적 광고그룹(143561546287,333,2025-05-23 13:32:45.042786
566-352-3778,디맨드젠__CEQ_1,디맨드젠_그룹_1,106,3,1314,26.0,5.0,0.0,0.0,3.0,0.0,0.0,0.0,2025-01-14,google||디맨드젠__CEQ_1(21853107252)||디맨드젠_그룹_1(172097071360,333,2025-05-23 13:32:45.042786
566-352-3778,1_닥터디퍼런트 키워드,닥터디퍼런트 키워드: 동적 광고그룹,3,2,29,0.0,23.0,0.0,0.0,2.0,2.0,81600.0,0.0,2025-01-15,google||1_닥터디퍼런트 키워드(14827975189)||닥터디퍼런트 키워드: 동적 광고그룹(143561546287,333,2025-05-23 13:32:45.042786
566-352-3778,디맨드젠__CEQ_1,디맨드젠_그룹_1,15,0,83,0.0,22.0,0.0,0.0,0.0,0.0,0.0,0.0,2025-01-15,google||디맨드젠__CEQ_1(21853107252)||디맨드젠_그룹_1(172097071360,333,2025-05-23 13:32:45.042786
566-352-3778,1_닥터디퍼런트 키워드,닥터디퍼런트 키워드: 동적 광고그룹,1512,38,10574,0.0,529.09,0.0,0.0,38.0,5.0,474150.0,0.0,2025-01-22,google||1_닥터디퍼런트 키워드(14827975189)||닥터디퍼런트 키워드: 동적 광고그룹(143561546287,333,2025-05-23 13:32:45.042786
566-352-3778,1_닥터디퍼런트 키워드,닥터디퍼런트 키워드: 동적 광고그룹,1626,39,11536,0.0,640.05,0.0,0.0,39.0,5.0,270481.77,0.0,2025-01-23,google||1_닥터디퍼런트 키워드(14827975189)||닥터디퍼런트 키워드: 동적 광고그룹(143561546287,333,2025-05-23 13:32:45.042786
566-352-3778,디멘드젠_영상_250122,닥터디퍼런트 소재,1367,13,11147,143.0,165.57,0.0,0.0,13.0,0.26,53217.21,0.0,2025-01-23,google||디멘드젠_영상_250122(22155808690)||닥터디퍼런트 소재(176859033827,333,2025-05-23 13:32:45.042786
566-352-3778,1_닥터디퍼런트 키워드,닥터디퍼런트 키워드: 동적 광고그룹,1793,29,7954,0.0,442.78,0.0,0.0,29.0,5.0,369455.0,0.0,2025-01-24,google||1_닥터디퍼런트 키워드(14827975189)||닥터디퍼런트 키워드: 동적 광고그룹(143561546287,333,2025-05-23 13:32:45.042786
566-352-3778,디멘드젠_영상_250122,닥터디퍼런트 소재,52131,762,615382,2434.0,2565.77,0.0,0.0,762.0,9.63,587948.14,0.0,2025-01-24,google||디멘드젠_영상_250122(22155808690)||닥터디퍼런트 소재(176859033827,333,2025-05-23 13:32:45.042786
566-352-3778,1_닥터디퍼런트 키워드,닥터디퍼런트 키워드: 동적 광고그룹,1849,28,9010,0.0,476.8,0.0,0.0,28.0,5.0,405658.84,0.0,2025-01-25,google||1_닥터디퍼런트 키워드(14827975189)||닥터디퍼런트 키워드: 동적 광고그룹(143561546287,333,2025-05-23 13:32:45.042786
566-352-3778,디멘드젠_영상_250122,닥터디퍼런트 소재,21193,281,208523,941.0,1578.2,0.0,0.0,281.0,5.02,288866.94,0.0,2025-01-25,google||디멘드젠_영상_250122(22155808690)||닥터디퍼런트 소재(176859033827,333,2025-05-23 13:32:45.042786
566-352-3778,1_닥터디퍼런트 키워드,닥터디퍼런트 키워드: 동적 광고그룹,1866,29,7031,0.0,191.74,0.0,0.0,29.0,1.0,32000.0,0.0,2025-01-26,google||1_닥터디퍼런트 키워드(14827975189)||닥터디퍼런트 키워드: 동적 광고그룹(143561546287,333,2025-05-23 13:32:45.042786
566-352-3778,디멘드젠_영상_250122,닥터디퍼런트 소재,27879,375,207572,689.0,1579.97,0.0,0.0,375.0,7.54,490247.7,0.0,2025-01-26,google||디멘드젠_영상_250122(22155808690)||닥터디퍼런트 소재(176859033827,333,2025-05-23 13:32:45.042786
566-352-3778,1_닥터디퍼런트 키워드,닥터디퍼런트 키워드: 동적 광고그룹,1773,43,15410,0.0,795.38,0.0,0.0,43.0,7.0,706315.0,0.0,2025-01-27,google||1_닥터디퍼런트 키워드(14827975189)||닥터디퍼런트 키워드: 동적 광고그룹(143561546287,333,2025-05-23 13:32:45.042786
566-352-3778,디멘드젠_영상_250122,닥터디퍼런트 소재,30218,331,204187,469.0,1091.57,0.0,0.0,331.0,3.0,204374.84,0.0,2025-01-27,google||디멘드젠_영상_250122(22155808690)||닥터디퍼런트 소재(176859033827,333,2025-05-23 13:32:45.042786
566-352-3778,1_닥터디퍼런트 키워드,닥터디퍼런트 키워드: 동적 광고그룹,45,1,101,0.0,20.86,0.0,0.0,1.0,1.0,67800.0,0.0,2025-01-28,google||1_닥터디퍼런트 키워드(14827975189)||닥터디퍼런트 키워드: 동적 광고그룹(143561546287,333,2025-05-23 13:32:45.042786
566-352-3778,디멘드젠_영상_250122,닥터디퍼런트 소재,80,1,403,7.0,5.19,0.0,0.0,1.0,0.0,0.0,0.0,2025-01-28,google||디멘드젠_영상_250122(22155808690)||닥터디퍼런트 소재(176859033827,333,2025-05-23 13:32:45.042786
566-352-3778,디멘드젠_영상_250122,닥터디퍼런트 소재,8042,71,80467,235.0,498.23,0.0,0.0,71.0,2.05,90552.66,0.0,2025-01-30,google||디멘드젠_영상_250122(22155808690)||닥터디퍼런트 소재(176859033827,333,2025-05-23 13:32:45.042786
566-352-3778,1_닥터디퍼런트 키워드,닥터디퍼런트 키워드: 동적 광고그룹,1854,31,9522,0.0,652.65,0.0,0.0,31.0,11.0,815080.0,0.0,2025-01-31,google||1_닥터디퍼런트 키워드(14827975189)||닥터디퍼런트 키워드: 동적 광고그룹(143561546287,333,2025-05-23 13:32:45.042786
566-352-3778,디멘드젠_영상_250122,닥터디퍼런트 소재,46857,659,307919,522.0,2388.15,0.0,0.0,659.0,5.76,373424.71,0.0,2025-01-31,google||디멘드젠_영상_250122(22155808690)||닥터디퍼런트 소재(176859033827,333,2025-05-23 13:32:45.042786
566-352-3778,1_닥터디퍼런트 키워드,닥터디퍼런트 키워드: 동적 광고그룹,2623,46,14742,0.0,776.96,0.0,0.0,46.0,6.0,317800.0,0.0,2025-02-01,google||1_닥터디퍼런트 키워드(14827975189)||닥터디퍼런트 키워드: 동적 광고그룹(143561546287,333,2025-05-23 13:32:45.042786
566-352-3778,디멘드젠_영상_250122,닥터디퍼런트 소재,49055,731,335952,604.0,2500.48,0.0,0.0,731.0,5.51,492744.86,0.0,2025-02-01,google||디멘드젠_영상_250122(22155808690)||닥터디퍼런트 소재(176859033827,333,2025-05-23 13:32:45.042786
566-352-3778,1_닥터디퍼런트 키워드,닥터디퍼런트 키워드: 동적 광고그룹,2216,46,16525,0.0,283.03,0.0,0.0,46.0,5.0,307000.0,0.0,2025-02-02,google||1_닥터디퍼런트 키워드(14827975189)||닥터디퍼런트 키워드: 동적 광고그룹(143561546287,333,2025-05-23 13:32:45.042786
566-352-3778,디멘드젠_영상_250122,닥터디퍼런트 소재,68040,1198,459819,1175.0,3617.8,0.0,0.0,1198.0,10.8,768817.34,0.0,2025-02-02,google||디멘드젠_영상_250122(22155808690)||닥터디퍼런트 소재(176859033827,333,2025-05-23 13:32:45.042786
566-352-3778,1_닥터디퍼런트 키워드,닥터디퍼런트 키워드: 동적 광고그룹,1960,42,10670,0.0,868.16,0.0,0.0,42.0,7.0,632050.0,0.0,2025-02-03,google||1_닥터디퍼런트 키워드(14827975189)||닥터디퍼런트 키워드: 동적 광고그룹(143561546287,333,2025-05-23 13:32:45.042786
566-352-3778,디멘드젠_영상_250122,닥터디퍼런트 소재,36708,469,397831,2105.0,2034.55,0.0,0.0,469.0,9.27,780769.37,0.0,2025-02-03,google||디멘드젠_영상_250122(22155808690)||닥터디퍼런트 소재(176859033827,333,2025-05-23 13:32:45.042786
566-352-3778,1_닥터디퍼런트 키워드,닥터디퍼런트 키워드: 동적 광고그룹,1839,46,12715,0.0,663.69,0.0,0.0,46.0,4.0,580390.0,0.0,2025-02-04,google||1_닥터디퍼런트 키워드(14827975189)||닥터디퍼런트 키워드: 동적 광고그룹(143561546287,333,2025-05-23 13:32:45.042786
566-352-3778,디멘드젠_영상_250122,닥터디퍼런트 소재,25430,321,397383,2462.0,1986.12,0.0,0.0,321.0,13.71,1114542.44,0.0,2025-02-04,google||디멘드젠_영상_250122(22155808690)||닥터디퍼런트 소재(176859033827,333,2025-05-23 13:32:45.042786
566-352-3778,1_닥터디퍼런트 키워드,닥터디퍼런트 키워드: 동적 광고그룹,1581,31,8728,0.0,415.64,0.0,0.0,31.0,2.0,177831.77,0.0,2025-02-05,google||1_닥터디퍼런트 키워드(14827975189)||닥터디퍼런트 키워드: 동적 광고그룹(143561546287,333,2025-05-23 13:32:45.042786
566-352-3778,디멘드젠_영상_250122,닥터디퍼런트 소재,26224,287,399996,1888.0,1386.5,0.0,0.0,287.0,11.68,802269.89,0.0,2025-02-05,google||디멘드젠_영상_250122(22155808690)||닥터디퍼런트 소재(176859033827,333,2025-05-23 13:32:45.042786
566-352-3778,1_닥터디퍼런트 키워드,닥터디퍼런트 키워드: 동적 광고그룹,1844,51,12227,0.0,1211.21,0.0,0.0,51.0,8.08,463547.44,0.0,2025-02-06,google||1_닥터디퍼런트 키워드(14827975189)||닥터디퍼런트 키워드: 동적 광고그룹(143561546287,333,2025-05-23 13:32:45.042786
566-352-3778,디멘드젠_영상_250122,닥터디퍼런트 소재,26471,327,428188,2056.0,1550.14,0.0,0.0,327.0,13.36,856250.69,0.0,2025-02-06,google||디멘드젠_영상_250122(22155808690)||닥터디퍼런트 소재(176859033827,333,2025-05-23 13:32:45.042786
566-352-3778,1_닥터디퍼런트 키워드,닥터디퍼런트 키워드: 동적 광고그룹,1537,41,13183,0.0,439.8,0.0,0.0,41.0,1.0,71400.0,0.0,2025-02-07,google||1_닥터디퍼런트 키워드(14827975189)||닥터디퍼런트 키워드: 동적 광고그룹(143561546287,333,2025-05-23 13:32:45.042786
566-352-3778,디멘드젠_영상_250122,닥터디퍼런트 소재,29733,415,403340,2663.0,1891.29,0.0,0.0,415.0,5.11,332766.57,0.0,2025-02-07,google||디멘드젠_영상_250122(22155808690)||닥터디퍼런트 소재(176859033827,333,2025-05-23 13:32:45.042786
566-352-3778,1_닥터디퍼런트 키워드,닥터디퍼런트 키워드: 동적 광고그룹,1611,25,7592,0.0,177.99,0.0,0.0,25.0,3.0,202400.0,0.0,2025-02-08,google||1_닥터디퍼런트 키워드(14827975189)||닥터디퍼런트 키워드: 동적 광고그룹(143561546287,333,2025-05-23 13:32:45.042786
566-352-3778,디멘드젠_영상_250122,닥터디퍼런트 소재,34461,510,418600,3486.0,2100.32,0.0,0.0,510.0,21.88,1533768.99,0.0,2025-02-08,google||디멘드젠_영상_250122(22155808690)||닥터디퍼런트 소재(176859033827,333,2025-05-23 13:32:45.042786
566-352-3778,1_닥터디퍼런트 키워드,닥터디퍼런트 키워드: 동적 광고그룹,2107,37,12207,0.0,344.12,0.0,0.0,37.0,0.0,0.0,0.0,2025-02-09,google||1_닥터디퍼런트 키워드(14827975189)||닥터디퍼런트 키워드: 동적 광고그룹(143561546287,333,2025-05-23 13:32:45.042786
566-352-3778,디멘드젠_영상_250122,닥터디퍼런트 소재,55541,569,409973,7855.0,2330.35,0.0,0.0,569.0,19.1,1628350.36,0.0,2025-02-09,google||디멘드젠_영상_250122(22155808690)||닥터디퍼런트 소재(176859033827,333,2025-05-23 13:32:45.042786
566-352-3778,1_닥터디퍼런트 키워드,닥터디퍼런트 키워드: 동적 광고그룹,1931,52,14771,0.0,571.33,0.0,0.0,52.0,3.0,204290.0,0.0,2025-02-10,google||1_닥터디퍼런트 키워드(14827975189)||닥터디퍼런트 키워드: 동적 광고그룹(143561546287,333,2025-05-23 13:32:45.042786
566-352-3778,디멘드젠_영상_250122,닥터디퍼런트 소재,46041,549,412544,6029.0,1848.06,0.0,0.0,549.0,7.36,515953.65,0.0,2025-02-10,google||디멘드젠_영상_250122(22155808690)||닥터디퍼런트 소재(176859033827,333,2025-05-23 13:32:45.042786
566-352-3778,1_닥터디퍼런트 키워드,닥터디퍼런트 키워드: 동적 광고그룹,1872,31,10022,0.0,294.79,0.0,0.0,31.0,1.16,60405.52,0.0,2025-02-11,google||1_닥터디퍼런트 키워드(14827975189)||닥터디퍼런트 키워드: 동적 광고그룹(143561546287,333,2025-05-23 13:32:45.042786
566-352-3778,디멘드젠_영상_250122,닥터디퍼런트 소재,31007,418,411013,2674.0,1797.54,0.0,0.0,418.0,26.05,1598018.54,0.0,2025-02-11,google||디멘드젠_영상_250122(22155808690)||닥터디퍼런트 소재(176859033827,333,2025-05-23 13:32:45.042786
566-352-3778,1_닥터디퍼런트 키워드,닥터디퍼런트 키워드: 동적 광고그룹,1747,38,11941,0.0,468.58,0.0,0.0,38.0,4.0,248978.41,0.0,2025-02-12,google||1_닥터디퍼런트 키워드(14827975189)||닥터디퍼런트 키워드: 동적 광고그룹(143561546287,333,2025-05-23 13:32:45.042786
566-352-3778,디멘드젠_영상_250122,닥터디퍼런트 소재,32896,442,417381,3663.0,1558.15,0.0,0.0,442.0,6.58,644391.46,0.0,2025-02-12,google||디멘드젠_영상_250122(22155808690)||닥터디퍼런트 소재(176859033827,333,2025-05-23 13:32:45.042786
566-352-3778,1_닥터디퍼런트 키워드,닥터디퍼런트 키워드: 동적 광고그룹,1809,43,12603,0.0,779.28,0.0,0.0,43.0,7.0,366532.0,0.0,2025-02-13,google||1_닥터디퍼런트 키워드(14827975189)||닥터디퍼런트 키워드: 동적 광고그룹(143561546287,333,2025-05-23 13:32:45.042786
566-352-3778,디멘드젠_영상_250122,닥터디퍼런트 소재,34709,425,410421,2617.0,1754.99,0.0,0.0,425.0,7.4,697152.31,0.0,2025-02-13,google||디멘드젠_영상_250122(22155808690)||닥터디퍼런트 소재(176859033827,333,2025-05-23 13:32:45.042786
566-352-3778,1_닥터디퍼런트 키워드,닥터디퍼런트 키워드: 동적 광고그룹,1762,42,12442,0.0,879.05,0.0,0.0,42.0,3.0,213600.0,0.0,2025-02-14,google||1_닥터디퍼런트 키워드(14827975189)||닥터디퍼런트 키워드: 동적 광고그룹(143561546287,333,2025-05-23 13:32:45.042786
566-352-3778,디멘드젠_배너,디멘드젠_이미지 배너,2832,25,11410,0.0,18.13,0.0,0.0,25.0,0.0,0.0,0.0,2025-02-14,google||디멘드젠_배너(22236393020)||디멘드젠_이미지 배너(177670771889,333,2025-05-23 13:32:45.042786
566-352-3778,디멘드젠_영상_250122,닥터디퍼런트 소재,27829,361,303069,3150.0,1875.88,0.0,0.0,361.0,4.83,336955.98,0.0,2025-02-14,google||디멘드젠_영상_250122(22155808690)||닥터디퍼런트 소재(176859033827,333,2025-05-23 13:32:45.042786
566-352-3778,1_닥터디퍼런트 키워드,닥터디퍼런트 키워드: 동적 광고그룹,1682,30,10795,0.0,379.95,0.0,0.0,30.0,4.0,283700.0,0.0,2025-02-15,google||1_닥터디퍼런트 키워드(14827975189)||닥터디퍼런트 키워드: 동적 광고그룹(143561546287,333,2025-05-23 13:32:45.042786
566-352-3778,디멘드젠_배너,디멘드젠_이미지 배너,34370,296,125066,0.0,643.15,0.0,0.0,296.0,2.43,180702.43,0.0,2025-02-15,google||디멘드젠_배너(22236393020)||디멘드젠_이미지 배너(177670771889,333,2025-05-23 13:32:45.042786
566-352-3778,디멘드젠_영상_250122,닥터디퍼런트 소재,33706,446,310519,4547.0,1455.88,0.0,0.0,446.0,15.22,1131630.4,0.0,2025-02-15,google||디멘드젠_영상_250122(22155808690)||닥터디퍼런트 소재(176859033827,333,2025-05-23 13:32:45.042786
566-352-3778,1_닥터디퍼런트 키워드,닥터디퍼런트 키워드: 동적 광고그룹,1730,27,11043,0.0,475.64,0.0,0.0,27.0,3.0,149150.0,0.0,2025-02-16,google||1_닥터디퍼런트 키워드(14827975189)||닥터디퍼런트 키워드: 동적 광고그룹(143561546287,333,2025-05-23 13:32:45.042786
566-352-3778,디멘드젠_배너,디멘드젠_이미지 배너,16493,218,179799,0.0,5.58,0.0,0.0,218.0,0.0,0.0,0.0,2025-02-16,google||디멘드젠_배너(22236393020)||디멘드젠_이미지 배너(177670771889,333,2025-05-23 13:32:45.042786
566-352-3778,디멘드젠_영상_250122,닥터디퍼런트 소재,36954,480,322100,4047.0,1695.38,0.0,0.0,480.0,18.41,1157466.85,0.0,2025-02-16,google||디멘드젠_영상_250122(22155808690)||닥터디퍼런트 소재(176859033827,333,2025-05-23 13:32:45.042786
566-352-3778,1_닥터디퍼런트 키워드,닥터디퍼런트 키워드: 동적 광고그룹,1813,38,12021,0.0,557.34,0.0,0.0,38.0,2.0,114500.0,0.0,2025-02-17,google||1_닥터디퍼런트 키워드(14827975189)||닥터디퍼런트 키워드: 동적 광고그룹(143561546287,333,2025-05-23 13:32:45.042786
566-352-3778,디멘드젠_배너,디멘드젠_이미지 배너,25740,402,176606,0.0,69.02,0.0,0.0,402.0,0.0,0.0,0.0,2025-02-17,google||디멘드젠_배너(22236393020)||디멘드젠_이미지 배너(177670771889,333,2025-05-23 13:32:45.042786
566-352-3778,디멘드젠_영상_250122,닥터디퍼런트 소재,43596,621,322218,4484.0,2627.32,0.0,0.0,621.0,23.09,1541296.03,0.0,2025-02-17,google||디멘드젠_영상_250122(22155808690)||닥터디퍼런트 소재(176859033827,333,2025-05-23 13:32:45.042786
566-352-3778,1_닥터디퍼런트 키워드,닥터디퍼런트 키워드: 동적 광고그룹,1754,51,14822,0.0,1007.05,0.0,0.0,51.0,5.01,419096.61,0.0,2025-02-18,google||1_닥터디퍼런트 키워드(14827975189)||닥터디퍼런트 키워드: 동적 광고그룹(143561546287,333,2025-05-23 13:32:45.042786
566-352-3778,디멘드젠_배너,디멘드젠_이미지 배너,13659,297,92175,0.0,24.96,0.0,0.0,297.0,0.0,0.0,0.0,2025-02-18,google||디멘드젠_배너(22236393020)||디멘드젠_이미지 배너(177670771889,333,2025-05-23 13:32:45.042786
566-352-3778,디멘드젠_영상_250122,닥터디퍼런트 소재,43244,750,295374,3307.0,2525.93,0.0,0.0,750.0,9.78,729071.75,0.0,2025-02-18,google||디멘드젠_영상_250122(22155808690)||닥터디퍼런트 소재(176859033827,333,2025-05-23 13:32:45.042786
566-352-3778,1_닥터디퍼런트 키워드,닥터디퍼런트 키워드: 동적 광고그룹,2092,48,14432,0.0,640.55,0.0,0.0,48.0,4.02,251756.36,0.0,2025-02-19,google||1_닥터디퍼런트 키워드(14827975189)||닥터디퍼런트 키워드: 동적 광고그룹(143561546287,333,2025-05-23 13:32:45.042786
566-352-3778,디멘드젠_영상_250122,닥터디퍼런트 소재,56954,655,303354,8154.0,2129.19,0.0,0.0,655.0,28.73,1657131.18,0.0,2025-02-19,google||디멘드젠_영상_250122(22155808690)||닥터디퍼런트 소재(176859033827,333,2025-05-23 13:32:45.042786
566-352-3778,1_닥터디퍼런트 키워드,닥터디퍼런트 키워드: 동적 광고그룹,2122,30,7549,0.0,352.21,0.0,0.0,30.0,1.01,90702.54,0.0,2025-02-20,google||1_닥터디퍼런트 키워드(14827975189)||닥터디퍼런트 키워드: 동적 광고그룹(143561546287,333,2025-05-23 13:32:45.042786
566-352-3778,디멘드젠_영상_250122,닥터디퍼런트 소재,44602,552,308326,4472.0,1648.8,0.0,0.0,552.0,14.55,1206429.92,0.0,2025-02-20,google||디멘드젠_영상_250122(22155808690)||닥터디퍼런트 소재(176859033827,333,2025-05-23 13:32:45.042786
566-352-3778,1_닥터디퍼런트 키워드,닥터디퍼런트 키워드: 동적 광고그룹,1828,27,8362,0.0,178.51,0.0,0.0,27.0,1.0,67000.0,0.0,2025-02-21,google||1_닥터디퍼런트 키워드(14827975189)||닥터디퍼런트 키워드: 동적 광고그룹(143561546287,333,2025-05-23 13:32:45.042786
566-352-3778,디맨드젠__CEQ_1,디맨드젠_그룹_1,24059,158,300013,1364.0,612.37,0.0,0.0,158.0,3.59,243900.85,0.0,2025-02-21,google||디맨드젠__CEQ_1(21853107252)||디맨드젠_그룹_1(172097071360,333,2025-05-23 13:32:45.042786
566-352-3778,디멘드젠_영상_250122,닥터디퍼런트 소재,36070,488,300700,3645.0,1333.8,0.0,0.0,488.0,15.23,1147335.41,0.0,2025-02-21,google||디멘드젠_영상_250122(22155808690)||닥터디퍼런트 소재(176859033827,333,2025-05-23 13:32:45.042786
566-352-3778,1_닥터디퍼런트 키워드,닥터디퍼런트 키워드: 동적 광고그룹,1688,28,10584,0.0,273.21,0.0,0.0,28.0,2.0,125100.0,0.0,2025-02-22,google||1_닥터디퍼런트 키워드(14827975189)||닥터디퍼런트 키워드: 동적 광고그룹(143561546287,333,2025-05-23 13:32:45.042786
566-352-3778,디맨드젠__CEQ_1,디맨드젠_그룹_1,26738,298,313227,2466.0,1388.31,0.0,0.0,298.0,3.89,411849.63,0.0,2025-02-22,google||디맨드젠__CEQ_1(21853107252)||디맨드젠_그룹_1(172097071360,333,2025-05-23 13:32:45.042786
566-352-3778,디멘드젠_영상_250122,닥터디퍼런트 소재,49358,750,312045,9527.0,1864.72,0.0,0.0,750.0,20.34,1207055.59,0.0,2025-02-22,google||디멘드젠_영상_250122(22155808690)||닥터디퍼런트 소재(176859033827,333,2025-05-23 13:32:45.042786
566-352-3778,1_닥터디퍼런트 키워드,닥터디퍼런트 키워드: 동적 광고그룹,1789,19,6774,0.0,170.95,0.0,0.0,19.0,2.0,172000.0,0.0,2025-02-23,google||1_닥터디퍼런트 키워드(14827975189)||닥터디퍼런트 키워드: 동적 광고그룹(143561546287,333,2025-05-23 13:32:45.042786
566-352-3778,디맨드젠__CEQ_1,디맨드젠_그룹_1,22314,246,309528,1604.0,1189.73,0.0,0.0,246.0,7.3,510207.65,0.0,2025-02-23,google||디맨드젠__CEQ_1(21853107252)||디맨드젠_그룹_1(172097071360,333,2025-05-23 13:32:45.042786
566-352-3778,디멘드젠_영상_250122,닥터디퍼런트 소재,54368,896,310077,10506.0,1758.36,0.0,0.0,896.0,29.64,2034327.78,0.0,2025-02-23,google||디멘드젠_영상_250122(22155808690)||닥터디퍼런트 소재(176859033827,333,2025-05-23 13:32:45.042786
566-352-3778,1_닥터디퍼런트 키워드,닥터디퍼런트 키워드: 동적 광고그룹,1934,36,11743,0.0,316.95,0.0,0.0,36.0,1.0,182600.0,0.0,2025-02-24,google||1_닥터디퍼런트 키워드(14827975189)||닥터디퍼런트 키워드: 동적 광고그룹(143561546287,333,2025-05-23 13:32:45.042786
566-352-3778,디멘드젠_영상_250122,닥터디퍼런트 소재,41763,702,327547,8471.0,1698.19,0.0,0.0,702.0,13.36,840260.15,0.0,2025-02-24,google||디멘드젠_영상_250122(22155808690)||닥터디퍼런트 소재(176859033827,333,2025-05-23 13:32:45.042786
566-352-3778,1_닥터디퍼런트 키워드,닥터디퍼런트 키워드: 동적 광고그룹,2135,29,8931,0.0,716.23,0.0,0.0,29.0,1.0,37800.0,0.0,2025-02-25,google||1_닥터디퍼런트 키워드(14827975189)||닥터디퍼런트 키워드: 동적 광고그룹(143561546287,333,2025-05-23 13:32:45.042786
566-352-3778,디멘드젠_영상_250122,닥터디퍼런트 소재,26156,459,287199,5870.0,1574.56,0.0,0.0,459.0,13.82,914541.59,0.0,2025-02-25,google||디멘드젠_영상_250122(22155808690)||닥터디퍼런트 소재(176859033827,333,2025-05-23 13:32:45.042786
566-352-3778,1_닥터디퍼런트 키워드,닥터디퍼런트 키워드: 동적 광고그룹,1908,22,6481,0.0,166.55,0.0,0.0,22.0,0.0,0.0,0.0,2025-02-26,google||1_닥터디퍼런트 키워드(14827975189)||닥터디퍼런트 키워드: 동적 광고그룹(143561546287,333,2025-05-23 13:32:45.042786
566-352-3778,디멘드젠_영상_250122,닥터디퍼런트 소재,36907,635,293200,7879.0,1382.73,0.0,0.0,635.0,7.97,515409.44,0.0,2025-02-26,google||디멘드젠_영상_250122(22155808690)||닥터디퍼런트 소재(176859033827,333,2025-05-23 13:32:45.042786
566-352-3778,1_닥터디퍼런트 키워드,닥터디퍼런트 키워드: 동적 광고그룹,2010,25,6167,0.0,264.2,0.0,0.0,25.0,4.0,189314.0,0.0,2025-02-27,google||1_닥터디퍼런트 키워드(14827975189)||닥터디퍼런트 키워드: 동적 광고그룹(143561546287,333,2025-05-23 13:32:45.042786
566-352-3778,디멘드젠_영상_250122,닥터디퍼런트 소재,23720,474,291202,5142.0,1178.44,0.0,0.0,474.0,10.6,758365.76,0.0,2025-02-27,google||디멘드젠_영상_250122(22155808690)||닥터디퍼런트 소재(176859033827,333,2025-05-23 13:32:45.042786
566-352-3778,1_닥터디퍼런트 키워드,닥터디퍼런트 키워드: 동적 광고그룹,2177,27,7327,0.0,117.81,0.0,0.0,27.0,0.0,0.0,0.0,2025-02-28,google||1_닥터디퍼런트 키워드(14827975189)||닥터디퍼런트 키워드: 동적 광고그룹(143561546287,333,2025-05-23 13:32:45.042786
566-352-3778,디멘드젠_영상_250122,닥터디퍼런트 소재,23039,474,277917,4991.0,1212.95,0.0,0.0,474.0,14.63,945192.41,0.0,2025-02-28,google||디멘드젠_영상_250122(22155808690)||닥터디퍼런트 소재(176859033827,333,2025-05-23 13:32:45.042786
566-352-3778,1_닥터디퍼런트 키워드,닥터디퍼런트 키워드: 동적 광고그룹,3416,24,8597,0.0,192.87,0.0,0.0,24.0,1.0,40500.0,0.0,2025-03-01,google||1_닥터디퍼런트 키워드(14827975189)||닥터디퍼런트 키워드: 동적 광고그룹(143561546287,333,2025-05-23 13:32:45.042786
566-352-3778,디멘드젠_영상_250122,닥터디퍼런트 소재,27510,583,297202,5890.0,1515.62,0.0,0.0,583.0,17.46,1369782.91,0.0,2025-03-01,google||디멘드젠_영상_250122(22155808690)||닥터디퍼런트 소재(176859033827,333,2025-05-23 13:32:45.042786
566-352-3778,1_닥터디퍼런트 키워드,닥터디퍼런트 키워드: 동적 광고그룹,3439,30,10975,0.0,323.67,0.0,4.0254,30.0,0.01,402.54,563.556,2025-03-02,google||1_닥터디퍼런트 키워드(14827975189)||닥터디퍼런트 키워드: 동적 광고그룹(143561546287,333,2025-05-23 13:32:45.042786
566-352-3778,디멘드젠_영상_250122,닥터디퍼런트 소재,28739,585,317070,6006.0,1420.29,0.0,0.0,585.0,14.09,721033.92,0.0,2025-03-02,google||디멘드젠_영상_250122(22155808690)||닥터디퍼런트 소재(176859033827,333,2025-05-23 13:32:45.042786
566-352-3778,1_닥터디퍼런트 키워드,닥터디퍼런트 키워드: 동적 광고그룹,2933,35,14109,0.0,245.18,0.0,0.0,35.0,1.0,77000.0,0.0,2025-03-03,google||1_닥터디퍼런트 키워드(14827975189)||닥터디퍼런트 키워드: 동적 광고그룹(143561546287,333,2025-05-23 13:32:45.042786
566-352-3778,디멘드젠_영상_250122,닥터디퍼런트 소재,43370,718,390419,6519.0,2001.62,0.0,0.0,718.0,9.01,559599.47,0.0,2025-03-03,google||디멘드젠_영상_250122(22155808690)||닥터디퍼런트 소재(176859033827,333,2025-05-23 13:32:45.042786
566-352-3778,1_닥터디퍼런트 키워드,닥터디퍼런트 키워드: 동적 광고그룹,2422,25,8574,0.0,267.09,0.0,0.0,25.0,2.0,156010.0,0.0,2025-03-04,google||1_닥터디퍼런트 키워드(14827975189)||닥터디퍼런트 키워드: 동적 광고그룹(143561546287,333,2025-05-23 13:32:45.042786
566-352-3778,디멘드젠_영상_250122,닥터디퍼런트 소재,47124,771,392784,7496.0,2837.46,0.0,0.0,771.0,12.25,903522.76,0.0,2025-03-04,google||디멘드젠_영상_250122(22155808690)||닥터디퍼런트 소재(176859033827,333,2025-05-23 13:32:45.042786
566-352-3778,1_닥터디퍼런트 키워드,닥터디퍼런트 키워드: 동적 광고그룹,1872,51,16032,0.0,333.88,0.0,0.0,51.0,0.0,0.0,0.0,2025-03-05,google||1_닥터디퍼런트 키워드(14827975189)||닥터디퍼런트 키워드: 동적 광고그룹(143561546287,333,2025-05-23 13:32:45.042786
566-352-3778,디멘드젠_영상_250122,닥터디퍼런트 소재,43142,683,396203,4881.0,2173.59,0.0,0.0,683.0,6.74,677956.29,0.0,2025-03-05,google||디멘드젠_영상_250122(22155808690)||닥터디퍼런트 소재(176859033827,333,2025-05-23 13:32:45.042786
566-352-3778,1_닥터디퍼런트 키워드,닥터디퍼런트 키워드: 동적 광고그룹,1894,43,11962,0.0,201.02,0.0,0.0,43.0,0.0,213.5,298.9,2025-03-06,google||1_닥터디퍼런트 키워드(14827975189)||닥터디퍼런트 키워드: 동적 광고그룹(143561546287,333,2025-05-23 13:32:45.042786
566-352-3778,1_닥터디퍼런트 키워드,자상호,8,0,0,0.0,0.0,0.0,0.0,0.0,0.0,0.0,0.0,2025-03-06,google||1_닥터디퍼런트 키워드(14827975189)||자상호(145758727330,333,2025-05-23 13:32:45.042786
566-352-3778,디멘드젠_영상_250122,닥터디퍼런트 소재,48644,851,381195,2825.0,2037.54,0.0,0.0,851.0,6.68,487159.73,0.0,2025-03-06,google||디멘드젠_영상_250122(22155808690)||닥터디퍼런트 소재(176859033827,333,2025-05-23 13:32:45.042786
566-352-3778,1_닥터디퍼런트 키워드,닥터디퍼런트 키워드: 동적 광고그룹,1884,11,4973,0.0,48.78,0.0,0.0,11.0,0.0,0.0,0.0,2025-03-07,google||1_닥터디퍼런트 키워드(14827975189)||닥터디퍼런트 키워드: 동적 광고그룹(143561546287,333,2025-05-23 13:32:45.042786
566-352-3778,1_닥터디퍼런트 키워드,자상호,27,1,500,0.0,4.0,0.0,0.0,1.0,0.0,0.0,0.0,2025-03-07,google||1_닥터디퍼런트 키워드(14827975189)||자상호(145758727330,333,2025-05-23 13:32:45.042786
566-352-3778,디멘드젠_영상_250122,닥터디퍼런트 소재,33167,481,382661,3963.0,1681.5,0.0,0.0,481.0,8.51,712166.57,0.0,2025-03-07,google||디멘드젠_영상_250122(22155808690)||닥터디퍼런트 소재(176859033827,333,2025-05-23 13:32:45.042786
566-352-3778,1_닥터디퍼런트 키워드,닥터디퍼런트 키워드: 동적 광고그룹,1521,4,1959,0.0,53.01,0.0,0.0,4.0,0.0,0.0,0.0,2025-03-08,google||1_닥터디퍼런트 키워드(14827975189)||닥터디퍼런트 키워드: 동적 광고그룹(143561546287,333,2025-05-23 13:32:45.042786
566-352-3778,1_닥터디퍼런트 키워드,자상호,18,0,0,0.0,0.0,0.0,0.0,0.0,0.0,0.0,0.0,2025-03-08,google||1_닥터디퍼런트 키워드(14827975189)||자상호(145758727330,333,2025-05-23 13:32:45.042786
566-352-3778,디멘드젠_영상_250122,닥터디퍼런트 소재,48525,705,389770,5664.0,1889.15,0.0,0.0,705.0,6.59,602979.25,0.0,2025-03-08,google||디멘드젠_영상_250122(22155808690)||닥터디퍼런트 소재(176859033827,333,2025-05-23 13:32:45.042786
566-352-3778,1_닥터디퍼런트 키워드,닥터디퍼런트 키워드: 동적 광고그룹,1719,15,4560,0.0,128.91,0.0,0.0,15.0,0.0,0.0,0.0,2025-03-09,google||1_닥터디퍼런트 키워드(14827975189)||닥터디퍼런트 키워드: 동적 광고그룹(143561546287,333,2025-05-23 13:32:45.042786
566-352-3778,1_닥터디퍼런트 키워드,자상호,26,5,1860,0.0,5.0,0.0,0.0,5.0,0.0,0.0,0.0,2025-03-09,google||1_닥터디퍼런트 키워드(14827975189)||자상호(145758727330,333,2025-05-23 13:32:45.042786
566-352-3778,디멘드젠_영상_250122,닥터디퍼런트 소재,49829,691,393605,4853.0,1923.58,0.0,0.0,691.0,5.76,482616.02,0.0,2025-03-09,google||디멘드젠_영상_250122(22155808690)||닥터디퍼런트 소재(176859033827,333,2025-05-23 13:32:45.042786
566-352-3778,1_닥터디퍼런트 키워드,닥터디퍼런트 키워드: 동적 광고그룹,1514,11,2929,0.0,61.32,0.0,4.0259,11.0,0.01,402.59,563.626,2025-03-10,google||1_닥터디퍼런트 키워드(14827975189)||닥터디퍼런트 키워드: 동적 광고그룹(143561546287,333,2025-05-23 13:32:45.042786
566-352-3778,1_닥터디퍼런트 키워드,자상호,27,3,964,0.0,5.0,0.0,0.0,3.0,0.0,0.0,0.0,2025-03-10,google||1_닥터디퍼런트 키워드(14827975189)||자상호(145758727330,333,2025-05-23 13:32:45.042786
566-352-3778,디멘드젠_영상_250122,닥터디퍼런트 소재,48850,789,474044,4085.0,3250.48,0.0,0.0,789.0,22.62,2038367.35,0.0,2025-03-10,google||디멘드젠_영상_250122(22155808690)||닥터디퍼런트 소재(176859033827,333,2025-05-23 13:32:45.042786
566-352-3778,1_닥터디퍼런트 키워드,닥터디퍼런트 키워드: 동적 광고그룹,1274,8,2830,0.0,138.31,0.0,0.0,8.0,2.0,172300.0,0.0,2025-03-11,google||1_닥터디퍼런트 키워드(14827975189)||닥터디퍼런트 키워드: 동적 광고그룹(143561546287,333,2025-05-23 13:32:45.042786
566-352-3778,1_닥터디퍼런트 키워드,자상호,25,1,489,0.0,3.0,0.0,0.0,1.0,0.0,0.0,0.0,2025-03-11,google||1_닥터디퍼런트 키워드(14827975189)||자상호(145758727330,333,2025-05-23 13:32:45.042786
566-352-3778,디멘드젠_영상_250122,닥터디퍼런트 소재,48258,667,403085,2977.0,2454.42,0.0,0.0,667.0,15.06,1019707.22,0.0,2025-03-11,google||디멘드젠_영상_250122(22155808690)||닥터디퍼런트 소재(176859033827,333,2025-05-23 13:32:45.042786
566-352-3778,1_닥터디퍼런트 키워드,닥터디퍼런트 키워드: 동적 광고그룹,1110,10,3202,0.0,65.7,0.0,0.0,10.0,1.0,52000.0,0.0,2025-03-12,google||1_닥터디퍼런트 키워드(14827975189)||닥터디퍼런트 키워드: 동적 광고그룹(143561546287,333,2025-05-23 13:32:45.042786
566-352-3778,1_닥터디퍼런트 키워드,자상호,27,1,491,0.0,0.0,0.0,0.0,1.0,0.0,0.0,0.0,2025-03-12,google||1_닥터디퍼런트 키워드(14827975189)||자상호(145758727330,333,2025-05-23 13:32:45.042786
566-352-3778,디멘드젠_영상_250122,닥터디퍼런트 소재,64991,825,450162,3254.0,3010.02,0.0,0.0,825.0,21.21,1802619.87,0.0,2025-03-12,google||디멘드젠_영상_250122(22155808690)||닥터디퍼런트 소재(176859033827,333,2025-05-23 13:32:45.042786
566-352-3778,1_닥터디퍼런트 키워드,닥터디퍼런트 키워드: 동적 광고그룹,986,10,4261,0.0,245.07,0.0,0.0,10.0,2.02,206635.27,0.0,2025-03-13,google||1_닥터디퍼런트 키워드(14827975189)||닥터디퍼런트 키워드: 동적 광고그룹(143561546287,333,2025-05-23 13:32:45.042786
566-352-3778,1_닥터디퍼런트 키워드,자상호,29,1,217,0.0,0.0,0.0,0.0,1.0,0.0,0.0,0.0,2025-03-13,google||1_닥터디퍼런트 키워드(14827975189)||자상호(145758727330,333,2025-05-23 13:32:45.042786
566-352-3778,디멘드젠_영상_250122,닥터디퍼런트 소재,101108,956,470388,959.0,3249.89,0.0,0.0,956.0,23.05,1660244.64,0.0,2025-03-13,google||디멘드젠_영상_250122(22155808690)||닥터디퍼런트 소재(176859033827,333,2025-05-23 13:32:45.042786
566-352-3778,1_닥터디퍼런트 키워드,닥터디퍼런트 키워드: 동적 광고그룹,1113,7,2391,0.0,33.39,0.0,11.4202,7.0,0.02,571.01,799.414,2025-03-14,google||1_닥터디퍼런트 키워드(14827975189)||닥터디퍼런트 키워드: 동적 광고그룹(143561546287,333,2025-05-23 13:32:45.042786
566-352-3778,1_닥터디퍼런트 키워드,자상호,19,1,206,0.0,0.0,0.0,0.0,1.0,0.0,0.0,0.0,2025-03-14,google||1_닥터디퍼런트 키워드(14827975189)||자상호(145758727330,333,2025-05-23 13:32:45.042786
566-352-3778,디멘드젠_영상_250122,닥터디퍼런트 소재,127046,1076,470087,766.0,2840.03,0.0,0.0,1076.0,16.19,1209091.68,0.0,2025-03-14,google||디멘드젠_영상_250122(22155808690)||닥터디퍼런트 소재(176859033827,333,2025-05-23 13:32:45.042786
566-352-3778,1_닥터디퍼런트 키워드,닥터디퍼런트 키워드: 동적 광고그룹,1529,14,4567,0.0,124.0,0.0,0.0,14.0,1.0,103800.0,0.0,2025-03-15,google||1_닥터디퍼런트 키워드(14827975189)||닥터디퍼런트 키워드: 동적 광고그룹(143561546287,333,2025-05-23 13:32:45.042786
566-352-3778,1_닥터디퍼런트 키워드,자상호,21,1,413,0.0,0.0,0.0,0.0,1.0,0.0,0.0,0.0,2025-03-15,google||1_닥터디퍼런트 키워드(14827975189)||자상호(145758727330,333,2025-05-23 13:32:45.042786
566-352-3778,디멘드젠_영상_250122,닥터디퍼런트 소재,133867,1049,468742,566.0,4298.2,0.0,0.0,1049.0,7.12,595050.5,0.0,2025-03-15,google||디멘드젠_영상_250122(22155808690)||닥터디퍼런트 소재(176859033827,333,2025-05-23 13:32:45.042786
566-352-3778,1_닥터디퍼런트 키워드,닥터디퍼런트 키워드: 동적 광고그룹,1488,8,2862,0.0,50.16,0.0,0.0,8.0,0.0,0.0,0.0,2025-03-16,google||1_닥터디퍼런트 키워드(14827975189)||닥터디퍼런트 키워드: 동적 광고그룹(143561546287,333,2025-05-23 13:32:45.042786
566-352-3778,1_닥터디퍼런트 키워드,자상호,42,0,0,0.0,0.0,0.0,0.0,0.0,0.0,0.0,0.0,2025-03-16,google||1_닥터디퍼런트 키워드(14827975189)||자상호(145758727330,333,2025-05-23 13:32:45.042786
566-352-3778,디멘드젠_영상_250122,닥터디퍼런트 소재,156223,1203,467395,617.0,3206.29,0.0,0.0,1203.0,10.52,875289.68,0.0,2025-03-16,google||디멘드젠_영상_250122(22155808690)||닥터디퍼런트 소재(176859033827,333,2025-05-23 13:32:45.042786
566-352-3778,1_닥터디퍼런트 키워드,닥터디퍼런트 키워드: 동적 광고그룹,1457,3,845,0.0,13.0,0.0,0.0,3.0,0.0,0.0,0.0,2025-03-17,google||1_닥터디퍼런트 키워드(14827975189)||닥터디퍼런트 키워드: 동적 광고그룹(143561546287,333,2025-05-23 13:32:45.042786
566-352-3778,1_닥터디퍼런트 키워드,자상호,23,0,0,0.0,0.0,0.0,0.0,0.0,0.0,0.0,0.0,2025-03-17,google||1_닥터디퍼런트 키워드(14827975189)||자상호(145758727330,333,2025-05-23 13:32:45.042786
566-352-3778,디멘드젠_영상_250122,닥터디퍼런트 소재,214087,1317,474554,651.0,3404.73,0.0,0.0,1317.0,18.02,1293471.53,0.0,2025-03-17,google||디멘드젠_영상_250122(22155808690)||닥터디퍼런트 소재(176859033827,333,2025-05-23 13:32:45.042786
566-352-3778,1_닥터디퍼런트 키워드,닥터디퍼런트 키워드: 동적 광고그룹,1195,1,109,0.0,23.0,0.0,0.0,1.0,0.0,0.0,0.0,2025-03-18,google||1_닥터디퍼런트 키워드(14827975189)||닥터디퍼런트 키워드: 동적 광고그룹(143561546287,333,2025-05-23 13:32:45.042786
566-352-3778,1_닥터디퍼런트 키워드,자상호,19,1,9,0.0,8.0,0.0,0.0,1.0,0.0,0.0,0.0,2025-03-18,google||1_닥터디퍼런트 키워드(14827975189)||자상호(145758727330,333,2025-05-23 13:32:45.042786
566-352-3778,디멘드젠_영상_250122,닥터디퍼런트 소재,160510,1146,454962,945.0,2895.55,0.0,0.0,1146.0,11.44,1107275.11,0.0,2025-03-18,google||디멘드젠_영상_250122(22155808690)||닥터디퍼런트 소재(176859033827,333,2025-05-23 13:32:45.042786
566-352-3778,1_닥터디퍼런트 키워드,닥터디퍼런트 키워드: 동적 광고그룹,1168,7,2046,0.0,39.48,0.0,0.0,7.0,0.0,0.0,0.0,2025-03-19,google||1_닥터디퍼런트 키워드(14827975189)||닥터디퍼런트 키워드: 동적 광고그룹(143561546287,333,2025-05-23 13:32:45.042786
566-352-3778,1_닥터디퍼런트 키워드,자상호,33,2,175,0.0,5.0,0.0,0.0,2.0,0.0,0.0,0.0,2025-03-19,google||1_닥터디퍼런트 키워드(14827975189)||자상호(145758727330,333,2025-05-23 13:32:45.042786
566-352-3778,디멘드젠_영상_250122,닥터디퍼런트 소재,95250,817,461996,1968.0,2574.27,0.0,0.0,817.0,9.35,488486.53,0.0,2025-03-19,google||디멘드젠_영상_250122(22155808690)||닥터디퍼런트 소재(176859033827,333,2025-05-23 13:32:45.042786
566-352-3778,1_닥터디퍼런트 키워드,닥터디퍼런트 키워드: 동적 광고그룹,1185,16,4151,0.0,34.22,0.0,0.0,16.0,0.0,0.0,0.0,2025-03-20,google||1_닥터디퍼런트 키워드(14827975189)||닥터디퍼런트 키워드: 동적 광고그룹(143561546287,333,2025-05-23 13:32:45.042786
566-352-3778,1_닥터디퍼런트 키워드,자상호,25,1,9,0.0,0.0,0.0,0.0,1.0,0.0,0.0,0.0,2025-03-20,google||1_닥터디퍼런트 키워드(14827975189)||자상호(145758727330,333,2025-05-23 13:32:45.042786
566-352-3778,디멘드젠_영상_250122,닥터디퍼런트 소재,48039,551,459720,2942.0,1326.52,0.0,0.0,551.0,9.43,590935.29,0.0,2025-03-20,google||디멘드젠_영상_250122(22155808690)||닥터디퍼런트 소재(176859033827,333,2025-05-23 13:32:45.042786
566-352-3778,1_닥터디퍼런트 키워드,닥터디퍼런트 키워드: 동적 광고그룹,1242,8,1882,0.0,21.0,0.0,0.0,8.0,0.0,0.0,0.0,2025-03-21,google||1_닥터디퍼런트 키워드(14827975189)||닥터디퍼런트 키워드: 동적 광고그룹(143561546287,333,2025-05-23 13:32:45.042786
566-352-3778,1_닥터디퍼런트 키워드,자상호,25,1,486,0.0,2.0,0.0,0.0,1.0,0.0,0.0,0.0,2025-03-21,google||1_닥터디퍼런트 키워드(14827975189)||자상호(145758727330,333,2025-05-23 13:32:45.042786
566-352-3778,디멘드젠_영상_250122,닥터디퍼런트 소재,35156,480,456929,4360.0,1505.8,0.0,0.0,480.0,3.83,251378.49,0.0,2025-03-21,google||디멘드젠_영상_250122(22155808690)||닥터디퍼런트 소재(176859033827,333,2025-05-23 13:32:45.042786
566-352-3778,1_닥터디퍼런트 키워드,닥터디퍼런트 키워드: 동적 광고그룹,1128,6,1499,0.0,6.0,0.0,0.0,6.0,0.0,0.0,0.0,2025-03-22,google||1_닥터디퍼런트 키워드(14827975189)||닥터디퍼런트 키워드: 동적 광고그룹(143561546287,333,2025-05-23 13:32:45.042786
566-352-3778,1_닥터디퍼런트 키워드,자상호,43,3,760,0.0,6.0,0.0,0.0,3.0,0.0,0.0,0.0,2025-03-22,google||1_닥터디퍼런트 키워드(14827975189)||자상호(145758727330,333,2025-05-23 13:32:45.042786
566-352-3778,디멘드젠_영상_250122,닥터디퍼런트 소재,46210,615,458028,5944.0,1736.2,0.0,0.0,615.0,9.52,759574.43,0.0,2025-03-22,google||디멘드젠_영상_250122(22155808690)||닥터디퍼런트 소재(176859033827,333,2025-05-23 13:32:45.042786
566-352-3778,1_닥터디퍼런트 키워드,닥터디퍼런트 키워드: 동적 광고그룹,1382,7,2005,0.0,35.61,0.0,0.0,7.0,1.98,122628.99,0.0,2025-03-23,google||1_닥터디퍼런트 키워드(14827975189)||닥터디퍼런트 키워드: 동적 광고그룹(143561546287,333,2025-05-23 13:32:45.042786
566-352-3778,1_닥터디퍼런트 키워드,자상호,24,1,490,0.0,3.0,0.0,0.0,1.0,0.0,0.0,0.0,2025-03-23,google||1_닥터디퍼런트 키워드(14827975189)||자상호(145758727330,333,2025-05-23 13:32:45.042786
566-352-3778,디멘드젠_영상_250122,닥터디퍼런트 소재,30875,407,350028,3552.0,1236.54,0.0,0.0,407.0,3.84,390979.93,0.0,2025-03-23,google||디멘드젠_영상_250122(22155808690)||닥터디퍼런트 소재(176859033827,333,2025-05-23 13:32:45.042786
566-352-3778,1_닥터디퍼런트 키워드,닥터디퍼런트 키워드: 동적 광고그룹,1079,5,1212,0.0,19.08,0.0,0.0,5.0,0.0,0.0,0.0,2025-03-24,google||1_닥터디퍼런트 키워드(14827975189)||닥터디퍼런트 키워드: 동적 광고그룹(143561546287,333,2025-05-23 13:32:45.042786
566-352-3778,1_닥터디퍼런트 키워드,자상호,34,1,8,0.0,12.0,0.0,0.0,1.0,0.0,0.0,0.0,2025-03-24,google||1_닥터디퍼런트 키워드(14827975189)||자상호(145758727330,333,2025-05-23 13:32:45.042786
566-352-3778,디멘드젠_영상_250122,닥터디퍼런트 소재,29661,401,360528,3530.0,1419.49,0.0,0.0,401.0,4.91,507559.03,0.0,2025-03-24,google||디멘드젠_영상_250122(22155808690)||닥터디퍼런트 소재(176859033827,333,2025-05-23 13:32:45.042786
566-352-3778,1_닥터디퍼런트 키워드,닥터디퍼런트 키워드: 동적 광고그룹,1135,5,1056,0.0,14.34,0.0,0.0,5.0,1.0,49800.0,0.0,2025-03-25,google||1_닥터디퍼런트 키워드(14827975189)||닥터디퍼런트 키워드: 동적 광고그룹(143561546287,333,2025-05-23 13:32:45.042786
566-352-3778,1_닥터디퍼런트 키워드,자상호,26,0,0,0.0,0.0,0.0,0.0,0.0,0.0,0.0,0.0,2025-03-25,google||1_닥터디퍼런트 키워드(14827975189)||자상호(145758727330,333,2025-05-23 13:32:45.042786
566-352-3778,디멘드젠_영상_250122,닥터디퍼런트 소재,32145,445,367176,4752.0,1169.87,0.0,0.0,445.0,12.16,876664.74,0.0,2025-03-25,google||디멘드젠_영상_250122(22155808690)||닥터디퍼런트 소재(176859033827,333,2025-05-23 13:32:45.042786
566-352-3778,1_닥터디퍼런트 키워드,닥터디퍼런트 키워드: 동적 광고그룹,1129,1,10,0.0,6.86,0.0,0.0,1.0,0.0,0.0,0.0,2025-03-26,google||1_닥터디퍼런트 키워드(14827975189)||닥터디퍼런트 키워드: 동적 광고그룹(143561546287,333,2025-05-23 13:32:45.042786
566-352-3778,1_닥터디퍼런트 키워드,자상호,35,1,374,0.0,1.0,0.0,0.0,1.0,0.0,0.0,0.0,2025-03-26,google||1_닥터디퍼런트 키워드(14827975189)||자상호(145758727330,333,2025-05-23 13:32:45.042786
566-352-3778,디멘드젠_영상_250122,닥터디퍼런트 소재,32676,420,359583,4643.0,878.69,0.0,0.0,420.0,0.17,12068.42,0.0,2025-03-26,google||디멘드젠_영상_250122(22155808690)||닥터디퍼런트 소재(176859033827,333,2025-05-23 13:32:45.042786
566-352-3778,1_닥터디퍼런트 키워드,닥터디퍼런트 키워드: 동적 광고그룹,904,4,1459,0.0,20.35,0.0,0.0,4.0,0.0,0.0,0.0,2025-03-27,google||1_닥터디퍼런트 키워드(14827975189)||닥터디퍼런트 키워드: 동적 광고그룹(143561546287,333,2025-05-23 13:32:45.042786
566-352-3778,1_닥터디퍼런트 키워드,자상호,37,1,479,0.0,1.0,0.0,0.0,1.0,0.0,0.0,0.0,2025-03-27,google||1_닥터디퍼런트 키워드(14827975189)||자상호(145758727330,333,2025-05-23 13:32:45.042786
566-352-3778,디멘드젠_영상_250122,닥터디퍼런트 소재,39955,469,356317,3459.0,1229.24,0.0,0.0,469.0,2.12,217611.33,0.0,2025-03-27,google||디멘드젠_영상_250122(22155808690)||닥터디퍼런트 소재(176859033827,333,2025-05-23 13:32:45.042786
566-352-3778,1_닥터디퍼런트 키워드,닥터디퍼런트 키워드: 동적 광고그룹,898,13,4044,0.0,220.84,0.0,0.0,13.0,2.01,243107.35,0.0,2025-03-28,google||1_닥터디퍼런트 키워드(14827975189)||닥터디퍼런트 키워드: 동적 광고그룹(143561546287,333,2025-05-23 13:32:45.042786
566-352-3778,1_닥터디퍼런트 키워드,자상호,37,1,490,0.0,0.0,0.0,0.0,1.0,0.0,0.0,0.0,2025-03-28,google||1_닥터디퍼런트 키워드(14827975189)||자상호(145758727330,333,2025-05-23 13:32:45.042786
566-352-3778,디멘드젠_영상_250122,닥터디퍼런트 소재,43918,526,352587,3551.0,1327.15,0.0,0.0,526.0,5.68,396303.79,0.0,2025-03-28,google||디멘드젠_영상_250122(22155808690)||닥터디퍼런트 소재(176859033827,333,2025-05-23 13:32:45.042786
566-352-3778,1_닥터디퍼런트 키워드,닥터디퍼런트 키워드: 동적 광고그룹,794,3,851,0.0,2.0,0.0,0.0,3.0,0.0,0.0,0.0,2025-03-29,google||1_닥터디퍼런트 키워드(14827975189)||닥터디퍼런트 키워드: 동적 광고그룹(143561546287,333,2025-05-23 13:32:45.042786
566-352-3778,1_닥터디퍼런트 키워드,자상호,24,0,0,0.0,0.0,0.0,0.0,0.0,0.0,0.0,0.0,2025-03-29,google||1_닥터디퍼런트 키워드(14827975189)||자상호(145758727330,333,2025-05-23 13:32:45.042786
566-352-3778,디멘드젠_영상_250122,닥터디퍼런트 소재,44502,541,345565,4366.0,1823.6,0.0,0.0,541.0,6.78,494670.69,0.0,2025-03-29,google||디멘드젠_영상_250122(22155808690)||닥터디퍼런트 소재(176859033827,333,2025-05-23 13:32:45.042786
566-352-3778,1_닥터디퍼런트 키워드,닥터디퍼런트 키워드: 동적 광고그룹,1077,1,276,0.0,2.0,0.0,0.0,1.0,0.0,0.0,0.0,2025-03-30,google||1_닥터디퍼런트 키워드(14827975189)||닥터디퍼런트 키워드: 동적 광고그룹(143561546287,333,2025-05-23 13:32:45.042786
566-352-3778,1_닥터디퍼런트 키워드,자상호,26,1,493,0.0,0.0,0.0,0.0,1.0,0.0,0.0,0.0,2025-03-30,google||1_닥터디퍼런트 키워드(14827975189)||자상호(145758727330,333,2025-05-23 13:32:45.042786
566-352-3778,디멘드젠_영상_250122,닥터디퍼런트 소재,37991,504,338587,4404.0,1713.77,0.0,0.0,504.0,6.14,517646.96,0.0,2025-03-30,google||디멘드젠_영상_250122(22155808690)||닥터디퍼런트 소재(176859033827,333,2025-05-23 13:32:45.042786
566-352-3778,1_닥터디퍼런트 키워드,닥터디퍼런트 키워드: 동적 광고그룹,1129,0,0,0.0,0.0,0.0,0.0,0.0,0.0,0.0,0.0,2025-03-31,google||1_닥터디퍼런트 키워드(14827975189)||닥터디퍼런트 키워드: 동적 광고그룹(143561546287,333,2025-05-23 13:32:45.042786
566-352-3778,1_닥터디퍼런트 키워드,자상호,34,1,490,0.0,3.0,0.0,0.0,1.0,0.0,0.0,0.0,2025-03-31,google||1_닥터디퍼런트 키워드(14827975189)||자상호(145758727330,333,2025-05-23 13:32:45.042786
566-352-3778,디멘드젠_영상_250122,닥터디퍼런트 소재,43916,500,320006,3758.0,1737.71,0.0,0.0,500.0,7.11,563055.7,0.0,2025-03-31,google||디멘드젠_영상_250122(22155808690)||닥터디퍼런트 소재(176859033827,333,2025-05-23 13:32:45.042786
566-352-3778,1_닥터디퍼런트 키워드,닥터디퍼런트 키워드: 동적 광고그룹,1202,11,3597,0.0,26.86,0.0,0.0,11.0,0.0,0.0,0.0,2025-04-01,google||1_닥터디퍼런트 키워드(14827975189)||닥터디퍼런트 키워드: 동적 광고그룹(143561546287,333,2025-05-23 13:32:45.042786
566-352-3778,1_닥터디퍼런트 키워드,자상호,44,1,490,0.0,17.7,0.0,0.0,1.0,0.0,0.0,0.0,2025-04-01,google||1_닥터디퍼런트 키워드(14827975189)||자상호(145758727330,333,2025-05-23 13:32:45.042786
566-352-3778,디멘드젠_영상_250122,닥터디퍼런트 소재,45884,514,355412,4755.0,1565.53,0.0,0.0,514.0,13.74,932030.81,0.0,2025-04-01,google||디멘드젠_영상_250122(22155808690)||닥터디퍼런트 소재(176859033827,333,2025-05-23 13:32:45.042786
566-352-3778,1_닥터디퍼런트 키워드,닥터디퍼런트 키워드: 동적 광고그룹,1070,10,2346,0.0,32.0,0.0,0.0,10.0,0.0,0.0,0.0,2025-04-02,google||1_닥터디퍼런트 키워드(14827975189)||닥터디퍼런트 키워드: 동적 광고그룹(143561546287,333,2025-05-23 13:32:45.042786
566-352-3778,1_닥터디퍼런트 키워드,자상호,37,0,0,0.0,0.0,0.0,0.0,0.0,0.0,0.0,0.0,2025-04-02,google||1_닥터디퍼런트 키워드(14827975189)||자상호(145758727330,333,2025-05-23 13:32:45.042786
566-352-3778,디멘드젠_영상_250122,닥터디퍼런트 소재,31480,385,371134,4933.0,1023.59,0.0,0.0,385.0,5.19,433674.7,0.0,2025-04-02,google||디멘드젠_영상_250122(22155808690)||닥터디퍼런트 소재(176859033827,333,2025-05-23 13:32:45.042786
566-352-3778,1_닥터디퍼런트 키워드,닥터디퍼런트 키워드: 동적 광고그룹,813,15,3875,0.0,41.0,0.0,0.0,15.0,0.0,0.0,0.0,2025-04-03,google||1_닥터디퍼런트 키워드(14827975189)||닥터디퍼런트 키워드: 동적 광고그룹(143561546287,333,2025-05-23 13:32:45.042786
566-352-3778,1_닥터디퍼런트 키워드,자상호,47,0,0,0.0,0.0,0.0,0.0,0.0,0.0,0.0,0.0,2025-04-03,google||1_닥터디퍼런트 키워드(14827975189)||자상호(145758727330,333,2025-05-23 13:32:45.042786
566-352-3778,디멘드젠_영상_250122,닥터디퍼런트 소재,30507,379,370371,4347.0,1382.46,0.0,0.0,379.0,3.47,258355.86,0.0,2025-04-03,google||디멘드젠_영상_250122(22155808690)||닥터디퍼런트 소재(176859033827,333,2025-05-23 13:32:45.042786
566-352-3778,1_닥터디퍼런트 키워드,닥터디퍼런트 키워드: 동적 광고그룹,567,4,1377,0.0,8.85,0.0,0.0,4.0,0.0,0.0,0.0,2025-04-04,google||1_닥터디퍼런트 키워드(14827975189)||닥터디퍼런트 키워드: 동적 광고그룹(143561546287,333,2025-05-23 13:32:45.042786
566-352-3778,1_닥터디퍼런트 키워드,자상호,22,1,9,0.0,1.0,0.0,0.0,1.0,0.0,0.0,0.0,2025-04-04,google||1_닥터디퍼런트 키워드(14827975189)||자상호(145758727330,333,2025-05-23 13:32:45.042786
566-352-3778,디멘드젠_영상_250122,닥터디퍼런트 소재,36994,388,370022,4106.0,1563.19,0.0,0.0,388.0,12.91,879208.97,0.0,2025-04-04,google||디멘드젠_영상_250122(22155808690)||닥터디퍼런트 소재(176859033827,333,2025-05-23 13:32:45.042786
566-352-3778,1_닥터디퍼런트 키워드,닥터디퍼런트 키워드: 동적 광고그룹,1059,5,1336,0.0,13.19,0.0,0.0,5.0,0.0,0.0,0.0,2025-04-05,google||1_닥터디퍼런트 키워드(14827975189)||닥터디퍼런트 키워드: 동적 광고그룹(143561546287,333,2025-05-23 13:32:45.042786
566-352-3778,1_닥터디퍼런트 키워드,자상호,49,0,0,0.0,0.0,0.0,0.0,0.0,0.0,0.0,0.0,2025-04-05,google||1_닥터디퍼런트 키워드(14827975189)||자상호(145758727330,333,2025-05-23 13:32:45.042786
566-352-3778,디멘드젠_영상_250122,닥터디퍼런트 소재,97773,701,369534,2630.0,1856.91,0.0,0.0,701.0,9.51,795974.53,0.0,2025-04-05,google||디멘드젠_영상_250122(22155808690)||닥터디퍼런트 소재(176859033827,333,2025-05-23 13:32:45.042786
566-352-3778,1_닥터디퍼런트 키워드,닥터디퍼런트 키워드: 동적 광고그룹,678,3,1303,0.0,102.86,0.0,0.0,3.0,0.96,48460.56,0.0,2025-04-06,google||1_닥터디퍼런트 키워드(14827975189)||닥터디퍼런트 키워드: 동적 광고그룹(143561546287,333,2025-05-23 13:32:45.042786
566-352-3778,1_닥터디퍼런트 키워드,자상호,35,0,0,0.0,0.0,0.0,0.0,0.0,0.0,0.0,0.0,2025-04-06,google||1_닥터디퍼런트 키워드(14827975189)||자상호(145758727330,333,2025-05-23 13:32:45.042786
566-352-3778,디멘드젠_영상_250122,닥터디퍼런트 소재,35296,413,369693,4126.0,1473.04,0.0,0.0,413.0,6.54,402332.47,0.0,2025-04-06,google||디멘드젠_영상_250122(22155808690)||닥터디퍼런트 소재(176859033827,333,2025-05-23 13:32:45.042786
566-352-3778,1_닥터디퍼런트 키워드,닥터디퍼런트 키워드: 동적 광고그룹,632,7,1645,0.0,36.0,0.0,0.0,7.0,0.0,0.0,0.0,2025-04-07,google||1_닥터디퍼런트 키워드(14827975189)||닥터디퍼런트 키워드: 동적 광고그룹(143561546287,333,2025-05-23 13:32:45.042786
566-352-3778,1_닥터디퍼런트 키워드,자상호,52,1,497,0.0,0.0,0.0,0.0,1.0,0.0,0.0,0.0,2025-04-07,google||1_닥터디퍼런트 키워드(14827975189)||자상호(145758727330,333,2025-05-23 13:32:45.042786
566-352-3778,디멘드젠_영상_250122,닥터디퍼런트 소재,39491,400,367774,4212.0,1589.88,0.0,0.0,400.0,4.15,252655.36,0.0,2025-04-07,google||디멘드젠_영상_250122(22155808690)||닥터디퍼런트 소재(176859033827,333,2025-05-23 13:32:45.042786
566-352-3778,1_닥터디퍼런트 키워드,닥터디퍼런트 키워드: 동적 광고그룹,464,4,1399,0.0,11.0,0.0,0.0,4.0,0.0,0.0,0.0,2025-04-08,google||1_닥터디퍼런트 키워드(14827975189)||닥터디퍼런트 키워드: 동적 광고그룹(143561546287,333,2025-05-23 13:32:45.042786
566-352-3778,1_닥터디퍼런트 키워드,자상호,55,0,0,0.0,0.0,0.0,0.0,0.0,0.0,0.0,0.0,2025-04-08,google||1_닥터디퍼런트 키워드(14827975189)||자상호(145758727330,333,2025-05-23 13:32:45.042786
566-352-3778,디멘드젠_영상_250122,닥터디퍼런트 소재,42807,414,367908,4159.0,2435.56,0.0,0.0,414.0,8.09,577641.73,0.0,2025-04-08,google||디멘드젠_영상_250122(22155808690)||닥터디퍼런트 소재(176859033827,333,2025-05-23 13:32:45.042786
566-352-3778,1_닥터디퍼런트 키워드,닥터디퍼런트 키워드: 동적 광고그룹,457,4,1306,0.0,4.0,0.0,0.0,4.0,0.0,0.0,0.0,2025-04-09,google||1_닥터디퍼런트 키워드(14827975189)||닥터디퍼런트 키워드: 동적 광고그룹(143561546287,333,2025-05-23 13:32:45.042786
566-352-3778,1_닥터디퍼런트 키워드,자상호,46,1,471,0.0,2.94,0.0,0.0,1.0,0.0,0.0,0.0,2025-04-09,google||1_닥터디퍼런트 키워드(14827975189)||자상호(145758727330,333,2025-05-23 13:32:45.042786
566-352-3778,디멘드젠_영상_250122,닥터디퍼런트 소재,28305,368,365708,4555.0,1584.37,0.0,0.0,368.0,6.92,550679.91,0.0,2025-04-09,google||디멘드젠_영상_250122(22155808690)||닥터디퍼런트 소재(176859033827,333,2025-05-23 13:32:45.042786
566-352-3778,1_닥터디퍼런트 키워드,닥터디퍼런트 키워드: 동적 광고그룹,380,2,979,0.0,4.0,0.0,0.0,2.0,0.0,0.0,0.0,2025-04-10,google||1_닥터디퍼런트 키워드(14827975189)||닥터디퍼런트 키워드: 동적 광고그룹(143561546287,333,2025-05-23 13:32:45.042786
566-352-3778,1_닥터디퍼런트 키워드,자상호,24,2,495,0.0,9.11,0.0,0.0,2.0,0.0,0.0,0.0,2025-04-10,google||1_닥터디퍼런트 키워드(14827975189)||자상호(145758727330,333,2025-05-23 13:32:45.042786
566-352-3778,디멘드젠_영상_250122,닥터디퍼런트 소재,24143,299,364686,2815.0,1379.59,0.0,0.0,299.0,8.93,767580.96,0.0,2025-04-10,google||디멘드젠_영상_250122(22155808690)||닥터디퍼런트 소재(176859033827,333,2025-05-23 13:32:45.042786
566-352-3778,1_닥터디퍼런트 키워드,닥터디퍼런트 키워드: 동적 광고그룹,365,5,1666,0.0,13.0,0.0,0.0,5.0,0.0,0.0,0.0,2025-04-11,google||1_닥터디퍼런트 키워드(14827975189)||닥터디퍼런트 키워드: 동적 광고그룹(143561546287,333,2025-05-23 13:32:45.042786
566-352-3778,1_닥터디퍼런트 키워드,자상호,41,1,484,0.0,0.0,0.0,0.0,1.0,0.0,0.0,0.0,2025-04-11,google||1_닥터디퍼런트 키워드(14827975189)||자상호(145758727330,333,2025-05-23 13:32:45.042786
566-352-3778,디멘드젠_영상_250122,닥터디퍼런트 소재,23239,296,364526,2625.0,1437.46,0.0,0.0,296.0,9.56,573455.32,0.0,2025-04-11,google||디멘드젠_영상_250122(22155808690)||닥터디퍼런트 소재(176859033827,333,2025-05-23 13:32:45.042786
566-352-3778,1_닥터디퍼런트 키워드,닥터디퍼런트 키워드: 동적 광고그룹,601,2,677,0.0,16.0,0.0,0.0,2.0,0.0,0.0,0.0,2025-04-12,google||1_닥터디퍼런트 키워드(14827975189)||닥터디퍼런트 키워드: 동적 광고그룹(143561546287,333,2025-05-23 13:32:45.042786
566-352-3778,1_닥터디퍼런트 키워드,자상호,58,2,970,0.0,2.0,0.0,0.0,2.0,0.0,0.0,0.0,2025-04-12,google||1_닥터디퍼런트 키워드(14827975189)||자상호(145758727330,333,2025-05-23 13:32:45.042786
566-352-3778,디멘드젠_영상_250122,닥터디퍼런트 소재,24763,328,366064,2501.0,1408.6,0.0,0.0,328.0,6.24,414848.39,0.0,2025-04-12,google||디멘드젠_영상_250122(22155808690)||닥터디퍼런트 소재(176859033827,333,2025-05-23 13:32:45.042786
566-352-3778,1_닥터디퍼런트 키워드,닥터디퍼런트 키워드: 동적 광고그룹,452,2,493,0.0,14.0,0.0,0.0,2.0,0.0,0.0,0.0,2025-04-13,google||1_닥터디퍼런트 키워드(14827975189)||닥터디퍼런트 키워드: 동적 광고그룹(143561546287,333,2025-05-23 13:32:45.042786
566-352-3778,1_닥터디퍼런트 키워드,자상호,60,1,495,0.0,1.0,0.0,0.0,1.0,0.0,0.0,0.0,2025-04-13,google||1_닥터디퍼런트 키워드(14827975189)||자상호(145758727330,333,2025-05-23 13:32:45.042786
566-352-3778,디멘드젠_영상_250122,닥터디퍼런트 소재,29138,307,363395,2103.0,1242.69,0.0,0.0,307.0,6.1,524387.9,0.0,2025-04-13,google||디멘드젠_영상_250122(22155808690)||닥터디퍼런트 소재(176859033827,333,2025-05-23 13:32:45.042786
566-352-3778,1_닥터디퍼런트 키워드,닥터디퍼런트 키워드: 동적 광고그룹,528,5,1100,0.0,20.0,0.0,0.0,5.0,0.0,0.0,0.0,2025-04-14,google||1_닥터디퍼런트 키워드(14827975189)||닥터디퍼런트 키워드: 동적 광고그룹(143561546287,333,2025-05-23 13:32:45.042786
566-352-3778,1_닥터디퍼런트 키워드,자상호,67,6,2635,0.0,43.14,0.0,0.0,6.0,1.0,37800.0,0.0,2025-04-14,google||1_닥터디퍼런트 키워드(14827975189)||자상호(145758727330,333,2025-05-23 13:32:45.042786
566-352-3778,디멘드젠_영상_250122,닥터디퍼런트 소재,32941,323,360976,1853.0,1396.83,0.0,0.0,323.0,8.71,695767.41,0.0,2025-04-14,google||디멘드젠_영상_250122(22155808690)||닥터디퍼런트 소재(176859033827,333,2025-05-23 13:32:45.042786
566-352-3778,1_닥터디퍼런트 키워드,닥터디퍼런트 키워드: 동적 광고그룹,636,8,2560,0.0,57.21,0.0,0.0,8.0,0.0,0.0,0.0,2025-04-15,google||1_닥터디퍼런트 키워드(14827975189)||닥터디퍼런트 키워드: 동적 광고그룹(143561546287,333,2025-05-23 13:32:45.042786
566-352-3778,1_닥터디퍼런트 키워드,자상호,74,7,2958,0.0,7.05,0.0,0.0,7.0,0.0,0.0,0.0,2025-04-15,google||1_닥터디퍼런트 키워드(14827975189)||자상호(145758727330,333,2025-05-23 13:32:45.042786
566-352-3778,디멘드젠_영상_250122,닥터디퍼런트 소재,33714,390,360606,1789.0,1606.54,0.0,0.0,390.0,5.81,511026.09,0.0,2025-04-15,google||디멘드젠_영상_250122(22155808690)||닥터디퍼런트 소재(176859033827,333,2025-05-23 13:32:45.042786
566-352-3778,1_닥터디퍼런트 키워드,닥터디퍼런트 키워드: 동적 광고그룹,421,4,1657,0.0,19.97,0.0,0.0,4.0,0.0,0.0,0.0,2025-04-16,google||1_닥터디퍼런트 키워드(14827975189)||닥터디퍼런트 키워드: 동적 광고그룹(143561546287,333,2025-05-23 13:32:45.042786
566-352-3778,1_닥터디퍼런트 키워드,자상호,36,3,326,0.0,64.0,0.0,0.0,3.0,1.0,65990.0,0.0,2025-04-16,google||1_닥터디퍼런트 키워드(14827975189)||자상호(145758727330,333,2025-05-23 13:32:45.042786
566-352-3778,디멘드젠_영상_250122,닥터디퍼런트 소재,26299,297,358956,1805.0,1164.18,0.0,0.0,297.0,8.09,677217.59,0.0,2025-04-16,google||디멘드젠_영상_250122(22155808690)||닥터디퍼런트 소재(176859033827,333,2025-05-23 13:32:45.042786
566-352-3778,1_닥터디퍼런트 키워드,닥터디퍼런트 키워드: 동적 광고그룹,560,6,1494,0.0,9.4,0.0,0.0,6.0,0.0,0.0,0.0,2025-04-17,google||1_닥터디퍼런트 키워드(14827975189)||닥터디퍼런트 키워드: 동적 광고그룹(143561546287,333,2025-05-23 13:32:45.042786
566-352-3778,1_닥터디퍼런트 키워드,자상호,42,1,497,0.0,1.0,0.0,0.0,1.0,0.0,0.0,0.0,2025-04-17,google||1_닥터디퍼런트 키워드(14827975189)||자상호(145758727330,333,2025-05-23 13:32:45.042786
566-352-3778,디멘드젠_영상_250122,닥터디퍼런트 소재,22461,246,359488,1657.0,809.83,0.0,0.0,246.0,6.16,526314.18,0.0,2025-04-17,google||디멘드젠_영상_250122(22155808690)||닥터디퍼런트 소재(176859033827,333,2025-05-23 13:32:45.042786
566-352-3778,1_닥터디퍼런트 키워드,닥터디퍼런트 키워드: 동적 광고그룹,486,7,1671,0.0,131.04,0.0,0.0,7.0,0.0,0.0,0.0,2025-04-18,google||1_닥터디퍼런트 키워드(14827975189)||닥터디퍼런트 키워드: 동적 광고그룹(143561546287,333,2025-05-23 13:32:45.042786
566-352-3778,1_닥터디퍼런트 키워드,자상호,28,4,1915,0.0,7.0,0.0,0.0,4.0,0.0,0.0,0.0,2025-04-18,google||1_닥터디퍼런트 키워드(14827975189)||자상호(145758727330,333,2025-05-23 13:32:45.042786
566-352-3778,디멘드젠_영상_250122,닥터디퍼런트 소재,37566,366,356773,1094.0,935.81,0.0,0.0,366.0,3.49,235686.45,0.0,2025-04-18,google||디멘드젠_영상_250122(22155808690)||닥터디퍼런트 소재(176859033827,333,2025-05-23 13:32:45.042786
801741844309660,[IOS]tCPA_3월,[iOS]대한민국2039_여성_tCPA,104525,745,991105,7237.0,87.0,10.0,112139.0,0.0,0.0,0.0,0.0,2025-04-18,meta||[IOS]tCPA_3월(120219231763360229)||[iOS]대한민국2039_여성_tCPA(120219231763440229,333,2025-05-23 13:32:45.042786
801741844309660,[IOS]tCPA_지역타게팅_3월,[iOS]인천2439_남여_앱설치,9560,84,111434,1021.0,9.0,1.0,8929.0,0.0,0.0,0.0,0.0,2025-04-18,meta||[IOS]tCPA_지역타게팅_3월(120218197563370229)||[iOS]인천2439_남여_앱설치(120221417378720229,333,2025-05-23 13:32:45.042786
801741844309660,[IOS]남성/여성_2501,[iOS]대한민국_남2441_앱설치최대화_3월,79265,408,690831,7240.0,48.0,21.0,448362.0,0.0,0.0,0.0,0.0,2025-04-18,meta||[IOS]남성/여성_2501(120214732516700229)||[iOS]대한민국_남2441_앱설치최대화_3월(120217903695930229,333,2025-05-23 13:32:45.042786
566-352-3778,1_닥터디퍼런트 키워드,닥터디퍼런트 키워드: 동적 광고그룹,535,1,497,0.0,4.0,0.0,0.0,1.0,0.0,0.0,0.0,2025-04-19,google||1_닥터디퍼런트 키워드(14827975189)||닥터디퍼런트 키워드: 동적 광고그룹(143561546287,333,2025-05-23 13:32:45.042786
566-352-3778,1_닥터디퍼런트 키워드,자상호,18,0,0,0.0,0.0,0.0,0.0,0.0,0.0,0.0,0.0,2025-04-19,google||1_닥터디퍼런트 키워드(14827975189)||자상호(145758727330,333,2025-05-23 13:32:45.042786
566-352-3778,디멘드젠_영상_250122,닥터디퍼런트 소재,33546,403,355114,2486.0,1112.66,0.0,0.0,403.0,6.24,601138.12,0.0,2025-04-19,google||디멘드젠_영상_250122(22155808690)||닥터디퍼런트 소재(176859033827,333,2025-05-23 13:32:45.042786
801741844309660,[IOS]tCPA_3월,[iOS]대한민국2039_여성_tCPA,92151,818,1007674,7281.0,107.0,12.0,146396.0,0.0,0.0,0.0,0.0,2025-04-19,meta||[IOS]tCPA_3월(120219231763360229)||[iOS]대한민국2039_여성_tCPA(120219231763440229,333,2025-05-23 13:32:45.042786
801741844309660,[IOS]tCPA_지역타게팅_3월,[iOS]인천2439_남여_앱설치,17254,139,199083,1736.0,15.0,4.0,105740.0,0.0,0.0,0.0,0.0,2025-04-19,meta||[IOS]tCPA_지역타게팅_3월(120218197563370229)||[iOS]인천2439_남여_앱설치(120221417378720229,333,2025-05-23 13:32:45.042786
801741844309660,[IOS]남성/여성_2501,[iOS]대한민국_남2441_앱설치최대화_3월,69106,433,707471,6441.0,63.0,15.0,232215.0,0.0,0.0,0.0,0.0,2025-04-19,meta||[IOS]남성/여성_2501(120214732516700229)||[iOS]대한민국_남2441_앱설치최대화_3월(120217903695930229,333,2025-05-23 13:32:45.042786
566-352-3778,1_닥터디퍼런트 키워드,닥터디퍼런트 키워드: 동적 광고그룹,633,9,3351,0.0,111.33,0.0,0.0,9.0,3.0,194400.0,0.0,2025-04-20,google||1_닥터디퍼런트 키워드(14827975189)||닥터디퍼런트 키워드: 동적 광고그룹(143561546287,333,2025-05-23 13:32:45.042786
566-352-3778,1_닥터디퍼런트 키워드,자상호,46,0,0,0.0,0.0,0.0,0.0,0.0,0.0,0.0,0.0,2025-04-20,google||1_닥터디퍼런트 키워드(14827975189)||자상호(145758727330,333,2025-05-23 13:32:45.042786
566-352-3778,디멘드젠_영상_250122,닥터디퍼런트 소재,25936,372,353401,2718.0,1068.77,0.0,0.0,372.0,4.67,320668.21,0.0,2025-04-20,google||디멘드젠_영상_250122(22155808690)||닥터디퍼런트 소재(176859033827,333,2025-05-23 13:32:45.042786
801741844309660,[IOS]tCPA_3월,[iOS]대한민국2039_여성_tCPA,86904,976,1065228,7689.0,116.0,4.0,142494.0,0.0,0.0,0.0,0.0,2025-04-20,meta||[IOS]tCPA_3월(120219231763360229)||[iOS]대한민국2039_여성_tCPA(120219231763440229,333,2025-05-23 13:32:45.042786
801741844309660,[IOS]tCPA_지역타게팅_3월,[iOS]인천2439_남여_앱설치,14492,141,187059,1477.0,25.0,2.0,26103.0,0.0,0.0,0.0,0.0,2025-04-20,meta||[IOS]tCPA_지역타게팅_3월(120218197563370229)||[iOS]인천2439_남여_앱설치(120221417378720229,333,2025-05-23 13:32:45.042786
801741844309660,[IOS]남성/여성_2501,[iOS]대한민국_남2441_앱설치최대화_3월,68505,504,745635,7218.0,79.0,16.0,275028.0,0.0,0.0,0.0,0.0,2025-04-20,meta||[IOS]남성/여성_2501(120214732516700229)||[iOS]대한민국_남2441_앱설치최대화_3월(120217903695930229,333,2025-05-23 13:32:45.042786
566-352-3778,1_닥터디퍼런트 키워드,닥터디퍼런트 키워드: 동적 광고그룹,622,4,1431,0.0,25.0,0.0,0.0,4.0,1.0,68000.0,0.0,2025-04-21,google||1_닥터디퍼런트 키워드(14827975189)||닥터디퍼런트 키워드: 동적 광고그룹(143561546287,333,2025-05-23 13:32:45.042786
566-352-3778,1_닥터디퍼런트 키워드,자상호,39,1,485,0.0,4.0,0.0,0.0,1.0,0.0,0.0,0.0,2025-04-21,google||1_닥터디퍼런트 키워드(14827975189)||자상호(145758727330,333,2025-05-23 13:32:45.042786
566-352-3778,디멘드젠_영상_250122,닥터디퍼런트 소재,28727,320,351978,3297.0,1155.24,0.0,0.0,320.0,9.06,572074.34,0.0,2025-04-21,google||디멘드젠_영상_250122(22155808690)||닥터디퍼런트 소재(176859033827,333,2025-05-23 13:32:45.042786
801741844309660,[IOS]tCPA_3월,[iOS]대한민국2039_여성_tCPA,83041,840,952967,6708.0,75.0,14.0,209410.0,0.0,0.0,0.0,0.0,2025-04-21,meta||[IOS]tCPA_3월(120219231763360229)||[iOS]대한민국2039_여성_tCPA(120219231763440229,333,2025-05-23 13:32:45.042786
801741844309660,[IOS]tCPA_지역타게팅_3월,[iOS]인천2439_남여_앱설치,11716,105,147414,1096.0,17.0,4.0,155159.0,0.0,0.0,0.0,0.0,2025-04-21,meta||[IOS]tCPA_지역타게팅_3월(120218197563370229)||[iOS]인천2439_남여_앱설치(120221417378720229,333,2025-05-23 13:32:45.042786
801741844309660,[IOS]남성/여성_2501,[iOS]대한민국_남2441_앱설치최대화_3월,71156,469,709673,6719.0,63.0,21.0,451316.0,0.0,0.0,0.0,0.0,2025-04-21,meta||[IOS]남성/여성_2501(120214732516700229)||[iOS]대한민국_남2441_앱설치최대화_3월(120217903695930229,333,2025-05-23 13:32:45.042786
566-352-3778,1_닥터디퍼런트 키워드,닥터디퍼런트 키워드: 동적 광고그룹,658,7,1992,0.0,30.12,0.0,0.0,7.0,0.0,0.0,0.0,2025-04-22,google||1_닥터디퍼런트 키워드(14827975189)||닥터디퍼런트 키워드: 동적 광고그룹(143561546287,333,2025-05-23 13:32:45.042786
566-352-3778,1_닥터디퍼런트 키워드,자상호,20,1,491,0.0,2.0,0.0,0.0,1.0,0.0,0.0,0.0,2025-04-22,google||1_닥터디퍼런트 키워드(14827975189)||자상호(145758727330,333,2025-05-23 13:32:45.042786
566-352-3778,디멘드젠_영상_250122,닥터디퍼런트 소재,25646,295,350824,3199.0,2027.06,0.0,0.0,295.0,12.44,786740.07,0.0,2025-04-22,google||디멘드젠_영상_250122(22155808690)||닥터디퍼런트 소재(176859033827,333,2025-05-23 13:32:45.042786
801741844309660,[AOS]남성/여성_2504_인연큐레이션_신규소재,[AOS]대한민국_남2441_0422_인연큐레이션테스트 - 사본,10687,90,31234,0.0,1.0,0.0,0.0,0.0,0.0,0.0,0.0,2025-04-22,meta||[AOS]남성/여성_2504_인연큐레이션_신규소재(120223119739150229)||[AOS]대한민국_남2441_0422_인연큐레이션테스트 - 사본(120223121279780229,333,2025-05-23 13:32:45.042786
801741844309660,[AOS]남성/여성_2504_인연큐레이션_신규소재,[AOS]대한민국_여2039_0422_인연큐레이션테스트,14360,108,31373,2.0,0.0,0.0,0.0,0.0,0.0,0.0,0.0,2025-04-22,meta||[AOS]남성/여성_2504_인연큐레이션_신규소재(120223119739150229)||[AOS]대한민국_여2039_0422_인연큐레이션테스트(120223119739160229,333,2025-05-23 13:32:45.042786
801741844309660,[IOS]tCPA_3월,[iOS]대한민국2039_여성_tCPA,85327,762,896208,6071.0,86.0,17.0,181619.0,0.0,0.0,0.0,0.0,2025-04-22,meta||[IOS]tCPA_3월(120219231763360229)||[iOS]대한민국2039_여성_tCPA(120219231763440229,333,2025-05-23 13:32:45.042786
801741844309660,[IOS]tCPA_지역타게팅_3월,[iOS]인천2439_남여_앱설치,12295,120,151587,1210.0,19.0,2.0,51537.0,0.0,0.0,0.0,0.0,2025-04-22,meta||[IOS]tCPA_지역타게팅_3월(120218197563370229)||[iOS]인천2439_남여_앱설치(120221417378720229,333,2025-05-23 13:32:45.042786
801741844309660,[IOS]남성/여성_2501,[iOS]대한민국_남2441_앱설치최대화_3월,70616,421,691183,6651.0,65.0,15.0,198218.0,0.0,0.0,0.0,0.0,2025-04-22,meta||[IOS]남성/여성_2501(120214732516700229)||[iOS]대한민국_남2441_앱설치최대화_3월(120217903695930229,333,2025-05-23 13:32:45.042786
801741844309660,[IOS]남성/여성_2504_인연큐레이션_신규소재,[IOS]대한민국_남2441_0422_인연큐레이션테스트,731,1,1147,2.0,0.0,0.0,0.0,0.0,0.0,0.0,0.0,2025-04-22,meta||[IOS]남성/여성_2504_인연큐레이션_신규소재(120223118133330229)||[IOS]대한민국_남2441_0422_인연큐레이션테스트(120223119637380229,333,2025-05-23 13:32:45.042786
801741844309660,[IOS]남성/여성_2504_인연큐레이션_신규소재,[IOS]대한민국_여2039_0422_인연큐레이션테스트,650,2,2941,0.0,0.0,0.0,0.0,0.0,0.0,0.0,0.0,2025-04-22,meta||[IOS]남성/여성_2504_인연큐레이션_신규소재(120223118133330229)||[IOS]대한민국_여2039_0422_인연큐레이션테스트(120223118133340229,333,2025-05-23 13:32:45.042786
566-352-3778,1_닥터디퍼런트 키워드,닥터디퍼런트 키워드: 동적 광고그룹,656,11,4065,0.0,32.32,0.0,0.0,11.0,0.0,0.0,0.0,2025-04-23,google||1_닥터디퍼런트 키워드(14827975189)||닥터디퍼런트 키워드: 동적 광고그룹(143561546287,333,2025-05-23 13:32:45.042786
566-352-3778,1_닥터디퍼런트 키워드,자상호,24,2,972,0.0,0.0,0.0,0.0,2.0,0.0,0.0,0.0,2025-04-23,google||1_닥터디퍼런트 키워드(14827975189)||자상호(145758727330,333,2025-05-23 13:32:45.042786
566-352-3778,디멘드젠_영상_250122,닥터디퍼런트 소재,22693,320,347578,3263.0,1092.88,0.0,0.0,320.0,6.44,460044.86,0.0,2025-04-23,google||디멘드젠_영상_250122(22155808690)||닥터디퍼런트 소재(176859033827,333,2025-05-23 13:32:45.042786
801741844309660,[AOS]남성/여성_2504_인연큐레이션_신규소재,[AOS]대한민국_남2441_0422_인연큐레이션테스트 - 사본,17084,153,47528,0.0,0.0,0.0,0.0,0.0,0.0,0.0,0.0,2025-04-23,meta||[AOS]남성/여성_2504_인연큐레이션_신규소재(120223119739150229)||[AOS]대한민국_남2441_0422_인연큐레이션테스트 - 사본(120223121279780229,333,2025-05-23 13:32:45.042786
801741844309660,[AOS]남성/여성_2504_인연큐레이션_신규소재,[AOS]대한민국_남2441_0423_신규소재테스트,2977,8,13910,119.0,0.0,0.0,0.0,0.0,0.0,0.0,0.0,2025-04-23,meta||[AOS]남성/여성_2504_인연큐레이션_신규소재(120223119739150229)||[AOS]대한민국_남2441_0423_신규소재테스트(120223261620700229,333,2025-05-23 13:32:45.042786
801741844309660,[AOS]남성/여성_2504_인연큐레이션_신규소재,[AOS]대한민국_여2039_0422_인연큐레이션테스트,27808,175,47386,1.0,2.0,0.0,0.0,0.0,0.0,0.0,0.0,2025-04-23,meta||[AOS]남성/여성_2504_인연큐레이션_신규소재(120223119739150229)||[AOS]대한민국_여2039_0422_인연큐레이션테스트(120223119739160229,333,2025-05-23 13:32:45.042786
801741844309660,[AOS]남성/여성_2504_인연큐레이션_신규소재,[AOS]대한민국_여2039_0423_신규소재테스트,4628,13,15869,136.0,2.0,0.0,0.0,0.0,0.0,0.0,0.0,2025-04-23,meta||[AOS]남성/여성_2504_인연큐레이션_신규소재(120223119739150229)||[AOS]대한민국_여2039_0423_신규소재테스트(120223262909880229,333,2025-05-23 13:32:45.042786
801741844309660,[IOS]tCPA_3월,[iOS]대한민국2039_여성_tCPA,76467,613,807104,5383.0,70.0,8.0,144315.0,0.0,0.0,0.0,0.0,2025-04-23,meta||[IOS]tCPA_3월(120219231763360229)||[iOS]대한민국2039_여성_tCPA(120219231763440229,333,2025-05-23 13:32:45.042786
801741844309660,[IOS]tCPA_지역타게팅_3월,[iOS]인천2439_남여_앱설치,13112,112,159654,1334.0,12.0,5.0,55312.0,0.0,0.0,0.0,0.0,2025-04-23,meta||[IOS]tCPA_지역타게팅_3월(120218197563370229)||[iOS]인천2439_남여_앱설치(120221417378720229,333,2025-05-23 13:32:45.042786
801741844309660,[IOS]남성/여성_2501,[iOS]대한민국_남2441_앱설치최대화_3월,53035,319,577285,4863.0,45.0,16.0,180895.0,0.0,0.0,0.0,0.0,2025-04-23,meta||[IOS]남성/여성_2501(120214732516700229)||[iOS]대한민국_남2441_앱설치최대화_3월(120217903695930229,333,2025-05-23 13:32:45.042786
801741844309660,[IOS]남성/여성_2504_인연큐레이션_신규소재,[IOS]대한민국_남2441_0422_인연큐레이션테스트,21381,109,56367,46.0,0.0,0.0,0.0,0.0,0.0,0.0,0.0,2025-04-23,meta||[IOS]남성/여성_2504_인연큐레이션_신규소재(120223118133330229)||[IOS]대한민국_남2441_0422_인연큐레이션테스트(120223119637380229,333,2025-05-23 13:32:45.042786
801741844309660,[IOS]남성/여성_2504_인연큐레이션_신규소재,[IOS]대한민국_남2441_0423_신규소재테스트,3151,18,12686,243.0,0.0,0.0,0.0,0.0,0.0,0.0,0.0,2025-04-23,meta||[IOS]남성/여성_2504_인연큐레이션_신규소재(120223118133330229)||[IOS]대한민국_남2441_0423_신규소재테스트(120223259135250229,333,2025-05-23 13:32:45.042786
801741844309660,[IOS]남성/여성_2504_인연큐레이션_신규소재,[IOS]대한민국_여2039_0422_인연큐레이션테스트,22796,93,54114,0.0,0.0,0.0,0.0,0.0,0.0,0.0,0.0,2025-04-23,meta||[IOS]남성/여성_2504_인연큐레이션_신규소재(120223118133330229)||[IOS]대한민국_여2039_0422_인연큐레이션테스트(120223118133340229,333,2025-05-23 13:32:45.042786
801741844309660,[IOS]남성/여성_2504_인연큐레이션_신규소재,[IOS]대한민국_여2039_0423_신규소재테스트,3826,20,15219,371.0,0.0,0.0,0.0,0.0,0.0,0.0,0.0,2025-04-23,meta||[IOS]남성/여성_2504_인연큐레이션_신규소재(120223118133330229)||[IOS]대한민국_여2039_0423_신규소재테스트(120223261286670229,333,2025-05-23 13:32:45.042786
566-352-3778,1_닥터디퍼런트 키워드,닥터디퍼런트 키워드: 동적 광고그룹,642,4,704,0.0,15.12,0.0,0.0,4.0,0.0,0.0,0.0,2025-04-24,google||1_닥터디퍼런트 키워드(14827975189)||닥터디퍼런트 키워드: 동적 광고그룹(143561546287,333,2025-05-23 13:32:45.042786
566-352-3778,1_닥터디퍼런트 키워드,자상호,28,1,494,0.0,6.07,0.0,0.0,1.0,0.0,0.0,0.0,2025-04-24,google||1_닥터디퍼런트 키워드(14827975189)||자상호(145758727330,333,2025-05-23 13:32:45.042786
566-352-3778,디멘드젠_영상_250122,닥터디퍼런트 소재,19383,243,345304,2514.0,1184.56,0.0,0.0,243.0,6.19,501421.65,0.0,2025-04-24,google||디멘드젠_영상_250122(22155808690)||닥터디퍼런트 소재(176859033827,333,2025-05-23 13:32:45.042786
566-352-3778,1_닥터디퍼런트 키워드,닥터디퍼런트 키워드: 동적 광고그룹,784,6,1372,0.0,18.95,0.0,0.0,6.0,0.0,0.0,0.0,2025-04-25,google||1_닥터디퍼런트 키워드(14827975189)||닥터디퍼런트 키워드: 동적 광고그룹(143561546287,333,2025-05-23 13:32:45.042786
566-352-3778,1_닥터디퍼런트 키워드,자상호,16,0,0,0.0,0.0,0.0,0.0,0.0,0.0,0.0,0.0,2025-04-25,google||1_닥터디퍼런트 키워드(14827975189)||자상호(145758727330,333,2025-05-23 13:32:45.042786
566-352-3778,디멘드젠_영상_250122,닥터디퍼런트 소재,19783,259,342093,2497.0,836.06,0.0,0.0,259.0,1.5,71166.74,0.0,2025-04-25,google||디멘드젠_영상_250122(22155808690)||닥터디퍼런트 소재(176859033827,333,2025-05-23 13:32:45.042786
566-352-3778,1_닥터디퍼런트 키워드,닥터디퍼런트 키워드: 동적 광고그룹,547,9,3780,0.0,35.53,0.0,0.0,9.0,0.0,0.0,0.0,2025-04-26,google||1_닥터디퍼런트 키워드(14827975189)||닥터디퍼런트 키워드: 동적 광고그룹(143561546287,333,2025-05-23 13:32:45.042786
566-352-3778,1_닥터디퍼런트 키워드,자상호,23,1,500,0.0,4.0,0.0,0.0,1.0,0.0,0.0,0.0,2025-04-26,google||1_닥터디퍼런트 키워드(14827975189)||자상호(145758727330,333,2025-05-23 13:32:45.042786
566-352-3778,디멘드젠_영상_250122,닥터디퍼런트 소재,25081,286,337505,3157.0,1022.64,0.0,0.0,286.0,4.63,348763.35,0.0,2025-04-26,google||디멘드젠_영상_250122(22155808690)||닥터디퍼런트 소재(176859033827,333,2025-05-23 13:32:45.042786
566-352-3778,1_닥터디퍼런트 키워드,닥터디퍼런트 키워드: 동적 광고그룹,676,3,705,0.0,11.0,0.0,0.0,3.0,0.0,0.0,0.0,2025-04-27,google||1_닥터디퍼런트 키워드(14827975189)||닥터디퍼런트 키워드: 동적 광고그룹(143561546287,333,2025-05-23 13:32:45.042786
566-352-3778,1_닥터디퍼런트 키워드,자상호,25,1,422,0.0,0.0,0.0,0.0,1.0,0.0,0.0,0.0,2025-04-27,google||1_닥터디퍼런트 키워드(14827975189)||자상호(145758727330,333,2025-05-23 13:32:45.042786
566-352-3778,디멘드젠_영상_250122,닥터디퍼런트 소재,26378,386,335111,3765.0,1509.29,0.0,0.0,386.0,8.56,653683.69,0.0,2025-04-27,google||디멘드젠_영상_250122(22155808690)||닥터디퍼런트 소재(176859033827,333,2025-05-23 13:32:45.042786
566-352-3778,1_닥터디퍼런트 키워드,닥터디퍼런트 키워드: 동적 광고그룹,721,15,5391,0.0,107.6,0.0,0.0,15.0,1.0,69800.0,0.0,2025-04-28,google||1_닥터디퍼런트 키워드(14827975189)||닥터디퍼런트 키워드: 동적 광고그룹(143561546287,333,2025-05-23 13:32:45.042786
566-352-3778,1_닥터디퍼런트 키워드,자상호,33,3,1479,0.0,4.0,0.0,0.0,3.0,0.0,0.0,0.0,2025-04-28,google||1_닥터디퍼런트 키워드(14827975189)||자상호(145758727330,333,2025-05-23 13:32:45.042786
566-352-3778,디멘드젠_영상_250122,닥터디퍼런트 소재,24429,355,329072,3865.0,1350.88,0.0,0.0,355.0,15.65,983981.26,0.0,2025-04-28,google||디멘드젠_영상_250122(22155808690)||닥터디퍼런트 소재(176859033827,333,2025-05-23 13:32:45.042786
801741844309660,[AOS]남성/여성_2504_인연큐레이션_신규소재,[AOS]대한민국_남2441_0422_인연큐레이션테스트 - 사본,4263,60,17952,0.0,0.0,0.0,0.0,0.0,0.0,0.0,0.0,2025-04-28,meta||[AOS]남성/여성_2504_인연큐레이션_신규소재(120223119739150229)||[AOS]대한민국_남2441_0422_인연큐레이션테스트 - 사본(120223121279780229,333,2025-05-23 13:32:45.042786
801741844309660,[AOS]남성/여성_2504_인연큐레이션_신규소재,[AOS]대한민국_남2441_0423_신규소재테스트,18491,97,197641,1179.0,24.0,2.0,25000.0,0.0,0.0,0.0,0.0,2025-04-28,meta||[AOS]남성/여성_2504_인연큐레이션_신규소재(120223119739150229)||[AOS]대한민국_남2441_0423_신규소재테스트(120223457300030229,333,2025-05-23 13:32:45.042786
801741844309660,[AOS]남성/여성_2504_인연큐레이션_신규소재,[AOS]대한민국_남2441_0423_윈소재신규테스트,21079,203,218773,1437.0,39.0,6.0,137400.0,0.0,0.0,0.0,0.0,2025-04-28,meta||[AOS]남성/여성_2504_인연큐레이션_신규소재(120223119739150229)||[AOS]대한민국_남2441_0423_윈소재신규테스트(120223261620700229,333,2025-05-23 13:32:45.042786
801741844309660,[AOS]남성/여성_2504_인연큐레이션_신규소재,[AOS]대한민국_여2039_0422_인연큐레이션테스트,5881,61,14125,0.0,0.0,0.0,0.0,0.0,0.0,0.0,0.0,2025-04-28,meta||[AOS]남성/여성_2504_인연큐레이션_신규소재(120223119739150229)||[AOS]대한민국_여2039_0422_인연큐레이션테스트(120223119739160229,333,2025-05-23 13:32:45.042786
801741844309660,[AOS]남성/여성_2504_인연큐레이션_신규소재,[AOS]대한민국_여2039_0423_신규소재테스트,27972,84,206834,1635.0,14.0,0.0,0.0,0.0,0.0,0.0,0.0,2025-04-28,meta||[AOS]남성/여성_2504_인연큐레이션_신규소재(120223119739150229)||[AOS]대한민국_여2039_0423_신규소재테스트(120223457022330229,333,2025-05-23 13:32:45.042786
801741844309660,[AOS]남성/여성_2504_인연큐레이션_신규소재,[AOS]대한민국_여2039_0423_윈소재신규테스트,16454,93,148233,2349.0,15.0,1.0,38000.0,0.0,0.0,0.0,0.0,2025-04-28,meta||[AOS]남성/여성_2504_인연큐레이션_신규소재(120223119739150229)||[AOS]대한민국_여2039_0423_윈소재신규테스트(120223262909880229,333,2025-05-23 13:32:45.042786
801741844309660,[IOS]tCPA_3월,[iOS]대한민국2039_여성_tCPA,70698,629,713236,5021.0,80.0,6.0,49015.0,0.0,0.0,0.0,0.0,2025-04-28,meta||[IOS]tCPA_3월(120219231763360229)||[iOS]대한민국2039_여성_tCPA(120219231763440229,333,2025-05-23 13:32:45.042786
801741844309660,[IOS]tCPA_지역타게팅_3월,[iOS]인천2439_남여_앱설치,10237,119,113253,1144.0,15.0,7.0,71081.0,0.0,0.0,0.0,0.0,2025-04-28,meta||[IOS]tCPA_지역타게팅_3월(120218197563370229)||[iOS]인천2439_남여_앱설치(120221417378720229,333,2025-05-23 13:32:45.042786
801741844309660,[IOS]남성/여성_2501,[iOS]대한민국_남2441_앱설치최대화_3월,38623,257,376578,3509.0,38.0,14.0,261618.0,0.0,0.0,0.0,0.0,2025-04-28,meta||[IOS]남성/여성_2501(120214732516700229)||[iOS]대한민국_남2441_앱설치최대화_3월(120217903695930229,333,2025-05-23 13:32:45.042786
801741844309660,[IOS]남성/여성_250428_신규소재테스트,[IOS]대한민국_남2441_0423_신규소재테스트 - 사본,4556,55,11186,86.0,0.0,0.0,0.0,0.0,0.0,0.0,0.0,2025-04-28,meta||[IOS]남성/여성_250428_신규소재테스트(120223927504320229)||[IOS]대한민국_남2441_0423_신규소재테스트 - 사본(120223927504310229,333,2025-05-23 13:32:45.042786
801741844309660,[IOS]남성/여성_250428_신규소재테스트,[IOS]대한민국_여2039_0423_신규소재테스트 - 사본,9140,62,12313,80.0,0.0,0.0,0.0,0.0,0.0,0.0,0.0,2025-04-28,meta||[IOS]남성/여성_250428_신규소재테스트(120223927504320229)||[IOS]대한민국_여2039_0423_신규소재테스트 - 사본(120223927504510229,333,2025-05-23 13:32:45.042786
801741844309660,[IOS]남성/여성_250428_신규소재테스트_CTA영상,[IOS]대한민국_남2441_0423_신규소재테스트,1702,16,21074,24.0,3.0,0.0,0.0,0.0,0.0,0.0,0.0,2025-04-28,meta||[IOS]남성/여성_250428_신규소재테스트_CTA영상(120223965612710229)||[IOS]대한민국_남2441_0423_신규소재테스트(120223965612700229,333,2025-05-23 13:32:45.042786
801741844309660,[IOS]남성/여성_250428_신규소재테스트_CTA영상,[IOS]대한민국_여2039_0423_신규소재테스트,1629,17,20943,101.0,4.0,0.0,0.0,0.0,0.0,0.0,0.0,2025-04-28,meta||[IOS]남성/여성_250428_신규소재테스트_CTA영상(120223965612710229)||[IOS]대한민국_여2039_0423_신규소재테스트(120223965612940229,333,2025-05-23 13:32:45.042786
801741844309660,[IOS]남성/여성_2504_신규소재테스트,[IOS]대한민국_남2441_0423_신규소재테스트 - 사본,561,1,5103,9.0,0.0,0.0,0.0,0.0,0.0,0.0,0.0,2025-04-28,meta||[IOS]남성/여성_2504_신규소재테스트(120223450236530229)||[IOS]대한민국_남2441_0423_신규소재테스트 - 사본(120223450286900229,333,2025-05-23 13:32:45.042786
801741844309660,[IOS]남성/여성_2504_신규소재테스트,[IOS]대한민국_여2039_0423_신규소재테스트 - 사본,681,1,7404,15.0,0.0,0.0,0.0,0.0,0.0,0.0,0.0,2025-04-28,meta||[IOS]남성/여성_2504_신규소재테스트(120223450236530229)||[IOS]대한민국_여2039_0423_신규소재테스트 - 사본(120223450286890229,333,2025-05-23 13:32:45.042786
801741844309660,[IOS]남성/여성_2504_인연큐레이션_신규소재,[IOS]대한민국_남2441_0422_인연큐레이션테스트,3309,41,16453,8.0,0.0,0.0,0.0,0.0,0.0,0.0,0.0,2025-04-28,meta||[IOS]남성/여성_2504_인연큐레이션_신규소재(120223118133330229)||[IOS]대한민국_남2441_0422_인연큐레이션테스트(120223119637380229,333,2025-05-23 13:32:45.042786
801741844309660,[IOS]남성/여성_2504_인연큐레이션_신규소재,[IOS]대한민국_여2039_0422_인연큐레이션테스트,4386,36,17467,0.0,0.0,0.0,0.0,0.0,0.0,0.0,0.0,2025-04-28,meta||[IOS]남성/여성_2504_인연큐레이션_신규소재(120223118133330229)||[IOS]대한민국_여2039_0422_인연큐레이션테스트(120223118133340229,333,2025-05-23 13:32:45.042786
566-352-3778,1_닥터디퍼런트 키워드,닥터디퍼런트 키워드: 동적 광고그룹,829,2,817,0.0,25.0,0.0,0.0,2.0,0.0,0.0,0.0,2025-04-29,google||1_닥터디퍼런트 키워드(14827975189)||닥터디퍼런트 키워드: 동적 광고그룹(143561546287,333,2025-05-23 13:32:45.042786
566-352-3778,1_닥터디퍼런트 키워드,자상호,21,1,477,0.0,58.0,0.0,0.0,1.0,1.0,63000.0,0.0,2025-04-29,google||1_닥터디퍼런트 키워드(14827975189)||자상호(145758727330,333,2025-05-23 13:32:45.042786
566-352-3778,디멘드젠_영상_250122,닥터디퍼런트 소재,22847,327,322801,3234.0,1067.13,0.0,0.0,327.0,8.63,663178.93,0.0,2025-04-29,google||디멘드젠_영상_250122(22155808690)||닥터디퍼런트 소재(176859033827,333,2025-05-23 13:32:45.042786
801741844309660,[AOS]남성/여성_2504_인연큐레이션_신규소재,[AOS]대한민국_남2441_0422_인연큐레이션테스트 - 사본,22696,225,56281,1.0,0.0,0.0,0.0,0.0,0.0,0.0,0.0,2025-04-29,meta||[AOS]남성/여성_2504_인연큐레이션_신규소재(120223119739150229)||[AOS]대한민국_남2441_0422_인연큐레이션테스트 - 사본(120223121279780229,333,2025-05-23 13:32:45.042786
801741844309660,[AOS]남성/여성_2504_인연큐레이션_신규소재,[AOS]대한민국_남2441_0423_신규소재테스트,31952,106,279857,1670.0,26.0,2.0,54000.0,0.0,0.0,0.0,0.0,2025-04-29,meta||[AOS]남성/여성_2504_인연큐레이션_신규소재(120223119739150229)||[AOS]대한민국_남2441_0423_신규소재테스트(120223457300030229,333,2025-05-23 13:32:45.042786
801741844309660,[AOS]남성/여성_2504_인연큐레이션_신규소재,[AOS]대한민국_남2441_0423_윈소재신규테스트,6333,62,84505,727.0,13.0,2.0,64500.0,0.0,0.0,0.0,0.0,2025-04-29,meta||[AOS]남성/여성_2504_인연큐레이션_신규소재(120223119739150229)||[AOS]대한민국_남2441_0423_윈소재신규테스트(120223261620700229,333,2025-05-23 13:32:45.042786
801741844309660,[AOS]남성/여성_2504_인연큐레이션_신규소재,[AOS]대한민국_여2039_0422_인연큐레이션테스트,39211,233,55004,0.0,0.0,0.0,0.0,0.0,0.0,0.0,0.0,2025-04-29,meta||[AOS]남성/여성_2504_인연큐레이션_신규소재(120223119739150229)||[AOS]대한민국_여2039_0422_인연큐레이션테스트(120223119739160229,333,2025-05-23 13:32:45.042786
801741844309660,[AOS]남성/여성_2504_인연큐레이션_신규소재,[AOS]대한민국_여2039_0423_신규소재테스트,48721,122,297094,572.0,11.0,0.0,0.0,0.0,0.0,0.0,0.0,2025-04-29,meta||[AOS]남성/여성_2504_인연큐레이션_신규소재(120223119739150229)||[AOS]대한민국_여2039_0423_신규소재테스트(120223457022330229,333,2025-05-23 13:32:45.042786
801741844309660,[AOS]남성/여성_2504_인연큐레이션_신규소재,[AOS]대한민국_여2039_0423_윈소재신규테스트,8222,32,76656,1890.0,3.0,0.0,0.0,0.0,0.0,0.0,0.0,2025-04-29,meta||[AOS]남성/여성_2504_인연큐레이션_신규소재(120223119739150229)||[AOS]대한민국_여2039_0423_윈소재신규테스트(120223262909880229,333,2025-05-23 13:32:45.042786
801741844309660,[IOS]tCPA_3월,[iOS]대한민국2039_여성_tCPA,53757,444,520407,3901.0,38.0,13.0,131860.0,0.0,0.0,0.0,0.0,2025-04-29,meta||[IOS]tCPA_3월(120219231763360229)||[iOS]대한민국2039_여성_tCPA(120219231763440229,333,2025-05-23 13:32:45.042786
801741844309660,[IOS]tCPA_지역타게팅_3월,[iOS]인천2439_남여_앱설치,10847,87,115871,1018.0,13.0,9.0,193628.0,0.0,0.0,0.0,0.0,2025-04-29,meta||[IOS]tCPA_지역타게팅_3월(120218197563370229)||[iOS]인천2439_남여_앱설치(120221417378720229,333,2025-05-23 13:32:45.042786
801741844309660,[IOS]남성/여성_2501,[iOS]대한민국_남2441_앱설치최대화_3월,18174,134,172492,1758.0,19.0,6.0,116808.0,0.0,0.0,0.0,0.0,2025-04-29,meta||[IOS]남성/여성_2501(120214732516700229)||[iOS]대한민국_남2441_앱설치최대화_3월(120217903695930229,333,2025-05-23 13:32:45.042786
801741844309660,[IOS]남성/여성_250428_신규소재테스트_CTA영상,[IOS]대한민국_남2441_0423_신규소재테스트,46374,248,386339,704.0,48.0,4.0,100400.0,0.0,0.0,0.0,0.0,2025-04-29,meta||[IOS]남성/여성_250428_신규소재테스트_CTA영상(120223965612710229)||[IOS]대한민국_남2441_0423_신규소재테스트(120223965612700229,333,2025-05-23 13:32:45.042786
801741844309660,[IOS]남성/여성_250428_신규소재테스트_CTA영상,[IOS]대한민국_여2039_0423_신규소재테스트,10861,29,52171,545.0,6.0,0.0,0.0,0.0,0.0,0.0,0.0,2025-04-29,meta||[IOS]남성/여성_250428_신규소재테스트_CTA영상(120223965612710229)||[IOS]대한민국_여2039_0423_신규소재테스트(120223965612940229,333,2025-05-23 13:32:45.042786
801741844309660,[IOS]남성/여성_2504_인연큐레이션_신규소재,[IOS]대한민국_남2441_0422_인연큐레이션테스트,23298,99,57616,46.0,0.0,0.0,0.0,0.0,0.0,0.0,0.0,2025-04-29,meta||[IOS]남성/여성_2504_인연큐레이션_신규소재(120223118133330229)||[IOS]대한민국_남2441_0422_인연큐레이션테스트(120223119637380229,333,2025-05-23 13:32:45.042786
801741844309660,[IOS]남성/여성_2504_인연큐레이션_신규소재,[IOS]대한민국_여2039_0422_인연큐레이션테스트,24171,93,53167,0.0,0.0,0.0,0.0,0.0,0.0,0.0,0.0,2025-04-29,meta||[IOS]남성/여성_2504_인연큐레이션_신규소재(120223118133330229)||[IOS]대한민국_여2039_0422_인연큐레이션테스트(120223118133340229,333,2025-05-23 13:32:45.042786
566-352-3778,1_닥터디퍼런트 키워드,닥터디퍼런트 키워드: 동적 광고그룹,804,4,509,0.0,12.88,0.0,0.0,4.0,0.0,0.0,0.0,2025-04-30,google||1_닥터디퍼런트 키워드(14827975189)||닥터디퍼런트 키워드: 동적 광고그룹(143561546287,333,2025-05-23 13:32:45.042786
566-352-3778,1_닥터디퍼런트 키워드,자상호,12,0,0,0.0,0.0,0.0,0.0,0.0,0.0,0.0,0.0,2025-04-30,google||1_닥터디퍼런트 키워드(14827975189)||자상호(145758727330,333,2025-05-23 13:32:45.042786
566-352-3778,디멘드젠_영상_250122,닥터디퍼런트 소재,23845,281,306449,2343.0,1189.8,0.0,0.0,281.0,12.59,913468.23,0.0,2025-04-30,google||디멘드젠_영상_250122(22155808690)||닥터디퍼런트 소재(176859033827,333,2025-05-23 13:32:45.042786
801741844309660,[AOS]남성/여성_2504_인연큐레이션_신규소재,[AOS]대한민국_남2441_0422_인연큐레이션테스트 - 사본,7564,69,20398,1.0,0.0,0.0,0.0,0.0,0.0,0.0,0.0,2025-04-30,meta||[AOS]남성/여성_2504_인연큐레이션_신규소재(120223119739150229)||[AOS]대한민국_남2441_0422_인연큐레이션테스트 - 사본(120223121279780229,333,2025-05-23 13:32:45.042786
801741844309660,[AOS]남성/여성_2504_인연큐레이션_신규소재,[AOS]대한민국_남2441_0423_신규소재테스트,29613,137,304772,2072.0,23.0,1.0,35000.0,0.0,0.0,0.0,0.0,2025-04-30,meta||[AOS]남성/여성_2504_인연큐레이션_신규소재(120223119739150229)||[AOS]대한민국_남2441_0423_신규소재테스트(120223457300030229,333,2025-05-23 13:32:45.042786
801741844309660,[AOS]남성/여성_2504_인연큐레이션_신규소재,[AOS]대한민국_남2441_0423_윈소재신규테스트,0,0,0,0.0,2.0,2.0,25800.0,0.0,0.0,0.0,0.0,2025-04-30,meta||[AOS]남성/여성_2504_인연큐레이션_신규소재(120223119739150229)||[AOS]대한민국_남2441_0423_윈소재신규테스트(120223261620700229,333,2025-05-23 13:32:45.042786
801741844309660,[AOS]남성/여성_2504_인연큐레이션_신규소재,[AOS]대한민국_여2039_0422_인연큐레이션테스트,26897,233,55725,0.0,0.0,0.0,0.0,0.0,0.0,0.0,0.0,2025-04-30,meta||[AOS]남성/여성_2504_인연큐레이션_신규소재(120223119739150229)||[AOS]대한민국_여2039_0422_인연큐레이션테스트(120223119739160229,333,2025-05-23 13:32:45.042786
801741844309660,[AOS]남성/여성_2504_인연큐레이션_신규소재,[AOS]대한민국_여2039_0423_신규소재테스트,18150,38,74935,0.0,2.0,1.0,7500.0,0.0,0.0,0.0,0.0,2025-04-30,meta||[AOS]남성/여성_2504_인연큐레이션_신규소재(120223119739150229)||[AOS]대한민국_여2039_0423_신규소재테스트(120223457022330229,333,2025-05-23 13:32:45.042786
801741844309660,[AOS]남성/여성_2504_인연큐레이션_신규소재,[AOS]대한민국_여2039_0423_윈소재신규테스트,0,0,0,0.0,0.0,0.0,0.0,0.0,0.0,0.0,0.0,2025-04-30,meta||[AOS]남성/여성_2504_인연큐레이션_신규소재(120223119739150229)||[AOS]대한민국_여2039_0423_윈소재신규테스트(120223262909880229,333,2025-05-23 13:32:45.042786
801741844309660,[IOS]tCPA_3월,[iOS]대한민국2039_여성_tCPA,56705,560,635696,5526.0,61.0,3.0,35417.0,0.0,0.0,0.0,0.0,2025-04-30,meta||[IOS]tCPA_3월(120219231763360229)||[iOS]대한민국2039_여성_tCPA(120219231763440229,333,2025-05-23 13:32:45.042786
801741844309660,[IOS]tCPA_지역타게팅_3월,[iOS]인천2439_남여_앱설치,8766,78,98536,931.0,12.0,6.0,89204.0,0.0,0.0,0.0,0.0,2025-04-30,meta||[IOS]tCPA_지역타게팅_3월(120218197563370229)||[iOS]인천2439_남여_앱설치(120221417378720229,333,2025-05-23 13:32:45.042786
801741844309660,[IOS]남성/여성_2501,[iOS]대한민국_남2441_앱설치최대화_3월,9147,103,100200,927.0,11.0,7.0,88721.0,0.0,0.0,0.0,0.0,2025-04-30,meta||[IOS]남성/여성_2501(120214732516700229)||[iOS]대한민국_남2441_앱설치최대화_3월(120217903695930229,333,2025-05-23 13:32:45.042786
801741844309660,[IOS]남성/여성_250428_신규소재테스트_CTA영상,[IOS]대한민국_남2441_0423_신규소재테스트,50566,274,389294,802.0,49.0,4.0,85000.0,0.0,0.0,0.0,0.0,2025-04-30,meta||[IOS]남성/여성_250428_신규소재테스트_CTA영상(120223965612710229)||[IOS]대한민국_남2441_0423_신규소재테스트(120223965612700229,333,2025-05-23 13:32:45.042786
801741844309660,[IOS]남성/여성_250428_신규소재테스트_CTA영상,[IOS]대한민국_여2039_0423_신규소재테스트,7376,13,45656,469.0,4.0,0.0,0.0,0.0,0.0,0.0,0.0,2025-04-30,meta||[IOS]남성/여성_250428_신규소재테스트_CTA영상(120223965612710229)||[IOS]대한민국_여2039_0423_신규소재테스트(120223965612940229,333,2025-05-23 13:32:45.042786
801741844309660,[IOS]남성/여성_2504_인연큐레이션_신규소재,[IOS]대한민국_남2441_0422_인연큐레이션테스트,13264,160,65711,13.0,0.0,0.0,0.0,0.0,0.0,0.0,0.0,2025-04-30,meta||[IOS]남성/여성_2504_인연큐레이션_신규소재(120223118133330229)||[IOS]대한민국_남2441_0422_인연큐레이션테스트(120223119637380229,333,2025-05-23 13:32:45.042786
801741844309660,[IOS]남성/여성_2504_인연큐레이션_신규소재,[IOS]대한민국_여2039_0422_인연큐레이션테스트,20899,99,54079,0.0,0.0,0.0,0.0,0.0,0.0,0.0,0.0,2025-04-30,meta||[IOS]남성/여성_2504_인연큐레이션_신규소재(120223118133330229)||[IOS]대한민국_여2039_0422_인연큐레이션테스트(120223118133340229,333,2025-05-23 13:32:45.042786
