account_id,campaign,impressions,clicks,cost,views,install,orders,revenue,link_clicks,conversions,conversion_value,engagements,date,channel,request_id,updated_at
566-352-3778,1_닥터디퍼런트 키워드,1365,23,7833,0,240.65,0.0,0.0,23.0,3.0,143800.0,0.0,2025-01-01,google||1_닥터디퍼런트 키워드(14827975189),333,2025-05-23 13:32:44.665270
566-352-3778,디맨드젠__CEQ_1,34725,283,461277,4699,1318.86,0.0,0.0,283.0,5.71,386218.52,0.0,2025-01-01,google||디맨드젠__CEQ_1(21853107252),333,2025-05-23 13:32:44.665270
566-352-3778,1_닥터디퍼런트 키워드,1521,19,3678,0,220.64,0.0,0.0,19.0,6.0,257000.0,0.0,2025-01-02,google||1_닥터디퍼런트 키워드(14827975189),333,2025-05-23 13:32:44.665270
566-352-3778,디맨드젠__CEQ_1,30747,245,491542,4346,1120.54,0.0,0.0,245.0,5.18,254366.5,0.0,2025-01-02,google||디맨드젠__CEQ_1(21853107252),333,2025-05-23 13:32:44.665270
566-352-3778,1_닥터디퍼런트 키워드,1690,23,5954,0,653.61,0.0,0.0,23.0,6.0,278850.0,0.0,2025-01-03,google||1_닥터디퍼런트 키워드(14827975189),333,2025-05-23 13:32:44.665270
566-352-3778,디맨드젠__CEQ_1,29803,234,481787,3933,2014.16,0.0,0.0,234.0,16.43,1156980.21,0.0,2025-01-03,google||디맨드젠__CEQ_1(21853107252),333,2025-05-23 13:32:44.665270
566-352-3778,1_닥터디퍼런트 키워드,1407,28,5589,0,231.0,0.0,0.0,28.0,4.0,376200.0,0.0,2025-01-04,google||1_닥터디퍼런트 키워드(14827975189),333,2025-05-23 13:32:44.665270
566-352-3778,디맨드젠__CEQ_1,29359,246,472440,4074,1716.75,0.0,0.0,246.0,11.98,846095.74,0.0,2025-01-04,google||디맨드젠__CEQ_1(21853107252),333,2025-05-23 13:32:44.665270
566-352-3778,1_닥터디퍼런트 키워드,1796,18,4114,0,602.72,0.0,0.0,18.0,4.0,306280.0,0.0,2025-01-05,google||1_닥터디퍼런트 키워드(14827975189),333,2025-05-23 13:32:44.665270
566-352-3778,디맨드젠__CEQ_1,29879,299,480488,4089,1475.96,0.0,0.0,299.0,5.92,416296.44,0.0,2025-01-05,google||디맨드젠__CEQ_1(21853107252),333,2025-05-23 13:32:44.665270
566-352-3778,1_닥터디퍼런트 키워드,1839,21,4228,0,355.32,0.0,0.0,21.0,4.0,212600.0,0.0,2025-01-06,google||1_닥터디퍼런트 키워드(14827975189),333,2025-05-23 13:32:44.665270
566-352-3778,디맨드젠__CEQ_1,27167,227,479668,3825,963.26,0.0,0.0,227.0,8.99,661972.34,0.0,2025-01-06,google||디맨드젠__CEQ_1(21853107252),333,2025-05-23 13:32:44.665270
566-352-3778,1_닥터디퍼런트 키워드,1794,28,3970,0,257.58,0.0,0.0,28.0,8.0,430350.0,0.0,2025-01-07,google||1_닥터디퍼런트 키워드(14827975189),333,2025-05-23 13:32:44.665270
566-352-3778,디맨드젠__CEQ_1,26001,224,477866,3633,960.53,0.0,0.0,224.0,5.49,352891.69,0.0,2025-01-07,google||디맨드젠__CEQ_1(21853107252),333,2025-05-23 13:32:44.665270
566-352-3778,1_닥터디퍼런트 키워드,1903,33,7712,0,701.91,0.0,0.0,33.0,7.0,359450.0,0.0,2025-01-08,google||1_닥터디퍼런트 키워드(14827975189),333,2025-05-23 13:32:44.665270
566-352-3778,디맨드젠__CEQ_1,27179,231,478621,3740,1204.36,0.0,0.0,231.0,2.23,134722.67,0.0,2025-01-08,google||디맨드젠__CEQ_1(21853107252),333,2025-05-23 13:32:44.665270
566-352-3778,1_닥터디퍼런트 키워드,1912,40,8563,0,514.31,0.0,0.0,40.0,5.0,437950.0,0.0,2025-01-09,google||1_닥터디퍼런트 키워드(14827975189),333,2025-05-23 13:32:44.665270
566-352-3778,디맨드젠__CEQ_1,25930,232,476214,3559,4141.47,0.0,0.0,232.0,7.27,505279.97,0.0,2025-01-09,google||디맨드젠__CEQ_1(21853107252),333,2025-05-23 13:32:44.665270
566-352-3778,1_닥터디퍼런트 키워드,2060,28,5214,0,294.43,0.0,0.0,28.0,5.98,329918.23,0.0,2025-01-10,google||1_닥터디퍼런트 키워드(14827975189),333,2025-05-23 13:32:44.665270
566-352-3778,디맨드젠__CEQ_1,26929,235,475488,3654,1603.1,0.0,0.0,235.0,8.28,585869.08,0.0,2025-01-10,google||디맨드젠__CEQ_1(21853107252),333,2025-05-23 13:32:44.665270
566-352-3778,1_닥터디퍼런트 키워드,2368,25,7866,0,411.6,0.0,0.0,25.0,6.0,485372.0,0.0,2025-01-11,google||1_닥터디퍼런트 키워드(14827975189),333,2025-05-23 13:32:44.665270
566-352-3778,디맨드젠__CEQ_1,27606,257,474952,3939,1709.13,0.0,0.0,257.0,12.24,950347.18,0.0,2025-01-11,google||디맨드젠__CEQ_1(21853107252),333,2025-05-23 13:32:44.665270
566-352-3778,1_닥터디퍼런트 키워드,2664,33,9819,0,605.06,0.0,0.0,33.0,9.0,569400.0,0.0,2025-01-12,google||1_닥터디퍼런트 키워드(14827975189),333,2025-05-23 13:32:44.665270
566-352-3778,디맨드젠__CEQ_1,27190,258,472807,3778,1951.17,0.0,0.0,258.0,9.82,614538.62,0.0,2025-01-12,google||디맨드젠__CEQ_1(21853107252),333,2025-05-23 13:32:44.665270
566-352-3778,1_닥터디퍼런트 키워드,2153,30,7178,0,310.53,0.0,0.0,30.0,17.0,881946.0,0.0,2025-01-13,google||1_닥터디퍼런트 키워드(14827975189),333,2025-05-23 13:32:44.665270
566-352-3778,디맨드젠__CEQ_1,19986,202,372241,2978,1819.01,0.0,0.0,202.0,12.42,798565.55,0.0,2025-01-13,google||디맨드젠__CEQ_1(21853107252),333,2025-05-23 13:32:44.665270
566-352-3778,1_닥터디퍼런트 키워드,9,1,2,0,33.91,0.0,0.0,1.0,1.0,51550.0,0.0,2025-01-14,google||1_닥터디퍼런트 키워드(14827975189),333,2025-05-23 13:32:44.665270
566-352-3778,디맨드젠__CEQ_1,106,3,1314,26,5.0,0.0,0.0,3.0,0.0,0.0,0.0,2025-01-14,google||디맨드젠__CEQ_1(21853107252),333,2025-05-23 13:32:44.665270
566-352-3778,1_닥터디퍼런트 키워드,3,2,29,0,23.0,0.0,0.0,2.0,2.0,81600.0,0.0,2025-01-15,google||1_닥터디퍼런트 키워드(14827975189),333,2025-05-23 13:32:44.665270
566-352-3778,디맨드젠__CEQ_1,15,0,83,0,22.0,0.0,0.0,0.0,0.0,0.0,0.0,2025-01-15,google||디맨드젠__CEQ_1(21853107252),333,2025-05-23 13:32:44.665270
566-352-3778,1_닥터디퍼런트 키워드,1512,38,10574,0,529.09,0.0,0.0,38.0,5.0,474150.0,0.0,2025-01-22,google||1_닥터디퍼런트 키워드(14827975189),333,2025-05-23 13:32:44.665270
566-352-3778,1_닥터디퍼런트 키워드,1626,39,11536,0,640.05,0.0,0.0,39.0,5.0,270481.77,0.0,2025-01-23,google||1_닥터디퍼런트 키워드(14827975189),333,2025-05-23 13:32:44.665270
566-352-3778,디멘드젠_영상_250122,1367,13,11147,143,165.57,0.0,0.0,13.0,0.26,53217.21,0.0,2025-01-23,google||디멘드젠_영상_250122(22155808690),333,2025-05-23 13:32:44.665270
566-352-3778,1_닥터디퍼런트 키워드,1793,29,7954,0,442.78,0.0,0.0,29.0,5.0,369455.0,0.0,2025-01-24,google||1_닥터디퍼런트 키워드(14827975189),333,2025-05-23 13:32:44.665270
566-352-3778,디멘드젠_영상_250122,52131,762,615382,2434,2565.77,0.0,0.0,762.0,9.63,587948.14,0.0,2025-01-24,google||디멘드젠_영상_250122(22155808690),333,2025-05-23 13:32:44.665270
566-352-3778,1_닥터디퍼런트 키워드,1849,28,9010,0,476.8,0.0,0.0,28.0,5.0,405658.84,0.0,2025-01-25,google||1_닥터디퍼런트 키워드(14827975189),333,2025-05-23 13:32:44.665270
566-352-3778,디멘드젠_영상_250122,21193,281,208523,941,1578.2,0.0,0.0,281.0,5.02,288866.94,0.0,2025-01-25,google||디멘드젠_영상_250122(22155808690),333,2025-05-23 13:32:44.665270
566-352-3778,1_닥터디퍼런트 키워드,1866,29,7031,0,191.74,0.0,0.0,29.0,1.0,32000.0,0.0,2025-01-26,google||1_닥터디퍼런트 키워드(14827975189),333,2025-05-23 13:32:44.665270
566-352-3778,디멘드젠_영상_250122,27879,375,207572,689,1579.97,0.0,0.0,375.0,7.54,490247.7,0.0,2025-01-26,google||디멘드젠_영상_250122(22155808690),333,2025-05-23 13:32:44.665270
566-352-3778,1_닥터디퍼런트 키워드,1773,43,15410,0,795.38,0.0,0.0,43.0,7.0,706315.0,0.0,2025-01-27,google||1_닥터디퍼런트 키워드(14827975189),333,2025-05-23 13:32:44.665270
566-352-3778,디멘드젠_영상_250122,30218,331,204187,469,1091.57,0.0,0.0,331.0,3.0,204374.84,0.0,2025-01-27,google||디멘드젠_영상_250122(22155808690),333,2025-05-23 13:32:44.665270
566-352-3778,1_닥터디퍼런트 키워드,45,1,101,0,20.86,0.0,0.0,1.0,1.0,67800.0,0.0,2025-01-28,google||1_닥터디퍼런트 키워드(14827975189),333,2025-05-23 13:32:44.665270
566-352-3778,디멘드젠_영상_250122,80,1,403,7,5.19,0.0,0.0,1.0,0.0,0.0,0.0,2025-01-28,google||디멘드젠_영상_250122(22155808690),333,2025-05-23 13:32:44.665270
566-352-3778,디멘드젠_영상_250122,8042,71,80467,235,498.23,0.0,0.0,71.0,2.05,90552.66,0.0,2025-01-30,google||디멘드젠_영상_250122(22155808690),333,2025-05-23 13:32:44.665270
566-352-3778,1_닥터디퍼런트 키워드,1854,31,9522,0,652.65,0.0,0.0,31.0,11.0,815080.0,0.0,2025-01-31,google||1_닥터디퍼런트 키워드(14827975189),333,2025-05-23 13:32:44.665270
566-352-3778,디멘드젠_영상_250122,46857,659,307919,522,2388.15,0.0,0.0,659.0,5.76,373424.71,0.0,2025-01-31,google||디멘드젠_영상_250122(22155808690),333,2025-05-23 13:32:44.665270
566-352-3778,1_닥터디퍼런트 키워드,2623,46,14742,0,776.96,0.0,0.0,46.0,6.0,317800.0,0.0,2025-02-01,google||1_닥터디퍼런트 키워드(14827975189),333,2025-05-23 13:32:44.665270
566-352-3778,디멘드젠_영상_250122,49055,731,335952,604,2500.48,0.0,0.0,731.0,5.51,492744.86,0.0,2025-02-01,google||디멘드젠_영상_250122(22155808690),333,2025-05-23 13:32:44.665270
566-352-3778,1_닥터디퍼런트 키워드,2216,46,16525,0,283.03,0.0,0.0,46.0,5.0,307000.0,0.0,2025-02-02,google||1_닥터디퍼런트 키워드(14827975189),333,2025-05-23 13:32:44.665270
566-352-3778,디멘드젠_영상_250122,68040,1198,459819,1175,3617.8,0.0,0.0,1198.0,10.8,768817.34,0.0,2025-02-02,google||디멘드젠_영상_250122(22155808690),333,2025-05-23 13:32:44.665270
566-352-3778,1_닥터디퍼런트 키워드,1960,42,10670,0,868.16,0.0,0.0,42.0,7.0,632050.0,0.0,2025-02-03,google||1_닥터디퍼런트 키워드(14827975189),333,2025-05-23 13:32:44.665270
566-352-3778,디멘드젠_영상_250122,36708,469,397831,2105,2034.55,0.0,0.0,469.0,9.27,780769.37,0.0,2025-02-03,google||디멘드젠_영상_250122(22155808690),333,2025-05-23 13:32:44.665270
566-352-3778,1_닥터디퍼런트 키워드,1839,46,12715,0,663.69,0.0,0.0,46.0,4.0,580390.0,0.0,2025-02-04,google||1_닥터디퍼런트 키워드(14827975189),333,2025-05-23 13:32:44.665270
566-352-3778,디멘드젠_영상_250122,25430,321,397383,2462,1986.12,0.0,0.0,321.0,13.71,1114542.44,0.0,2025-02-04,google||디멘드젠_영상_250122(22155808690),333,2025-05-23 13:32:44.665270
566-352-3778,1_닥터디퍼런트 키워드,1581,31,8728,0,415.64,0.0,0.0,31.0,2.0,177831.77,0.0,2025-02-05,google||1_닥터디퍼런트 키워드(14827975189),333,2025-05-23 13:32:44.665270
566-352-3778,디멘드젠_영상_250122,26224,287,399996,1888,1386.5,0.0,0.0,287.0,11.68,802269.89,0.0,2025-02-05,google||디멘드젠_영상_250122(22155808690),333,2025-05-23 13:32:44.665270
566-352-3778,1_닥터디퍼런트 키워드,1844,51,12227,0,1211.21,0.0,0.0,51.0,8.08,463547.44,0.0,2025-02-06,google||1_닥터디퍼런트 키워드(14827975189),333,2025-05-23 13:32:44.665270
566-352-3778,디멘드젠_영상_250122,26471,327,428188,2056,1550.14,0.0,0.0,327.0,13.36,856250.69,0.0,2025-02-06,google||디멘드젠_영상_250122(22155808690),333,2025-05-23 13:32:44.665270
566-352-3778,1_닥터디퍼런트 키워드,1537,41,13183,0,439.8,0.0,0.0,41.0,1.0,71400.0,0.0,2025-02-07,google||1_닥터디퍼런트 키워드(14827975189),333,2025-05-23 13:32:44.665270
566-352-3778,디멘드젠_영상_250122,29733,415,403340,2663,1891.29,0.0,0.0,415.0,5.11,332766.57,0.0,2025-02-07,google||디멘드젠_영상_250122(22155808690),333,2025-05-23 13:32:44.665270
566-352-3778,1_닥터디퍼런트 키워드,1611,25,7592,0,177.99,0.0,0.0,25.0,3.0,202400.0,0.0,2025-02-08,google||1_닥터디퍼런트 키워드(14827975189),333,2025-05-23 13:32:44.665270
566-352-3778,디멘드젠_영상_250122,34461,510,418600,3486,2100.32,0.0,0.0,510.0,21.88,1533768.99,0.0,2025-02-08,google||디멘드젠_영상_250122(22155808690),333,2025-05-23 13:32:44.665270
566-352-3778,1_닥터디퍼런트 키워드,2107,37,12207,0,344.12,0.0,0.0,37.0,0.0,0.0,0.0,2025-02-09,google||1_닥터디퍼런트 키워드(14827975189),333,2025-05-23 13:32:44.665270
566-352-3778,디멘드젠_영상_250122,55541,569,409973,7855,2330.35,0.0,0.0,569.0,19.1,1628350.36,0.0,2025-02-09,google||디멘드젠_영상_250122(22155808690),333,2025-05-23 13:32:44.665270
566-352-3778,1_닥터디퍼런트 키워드,1931,52,14771,0,571.33,0.0,0.0,52.0,3.0,204290.0,0.0,2025-02-10,google||1_닥터디퍼런트 키워드(14827975189),333,2025-05-23 13:32:44.665270
566-352-3778,디멘드젠_영상_250122,46041,549,412544,6029,1848.06,0.0,0.0,549.0,7.36,515953.65,0.0,2025-02-10,google||디멘드젠_영상_250122(22155808690),333,2025-05-23 13:32:44.665270
566-352-3778,1_닥터디퍼런트 키워드,1872,31,10022,0,295.14,0.0,0.0,31.0,1.16,60405.52,0.0,2025-02-11,google||1_닥터디퍼런트 키워드(14827975189),333,2025-05-23 13:32:44.665270
566-352-3778,디멘드젠_영상_250122,31007,418,411013,2674,1797.54,0.0,0.0,418.0,26.05,1598018.54,0.0,2025-02-11,google||디멘드젠_영상_250122(22155808690),333,2025-05-23 13:32:44.665270
566-352-3778,1_닥터디퍼런트 키워드,1747,38,11941,0,468.58,0.0,0.0,38.0,4.0,248978.41,0.0,2025-02-12,google||1_닥터디퍼런트 키워드(14827975189),333,2025-05-23 13:32:44.665270
566-352-3778,디멘드젠_영상_250122,32896,442,417381,3663,1558.15,0.0,0.0,442.0,6.58,644391.46,0.0,2025-02-12,google||디멘드젠_영상_250122(22155808690),333,2025-05-23 13:32:44.665270
566-352-3778,1_닥터디퍼런트 키워드,1809,43,12603,0,779.28,0.0,0.0,43.0,7.0,366532.0,0.0,2025-02-13,google||1_닥터디퍼런트 키워드(14827975189),333,2025-05-23 13:32:44.665270
566-352-3778,디멘드젠_영상_250122,34709,425,410421,2617,1754.99,0.0,0.0,425.0,7.4,697152.31,0.0,2025-02-13,google||디멘드젠_영상_250122(22155808690),333,2025-05-23 13:32:44.665270
566-352-3778,1_닥터디퍼런트 키워드,1762,42,12442,0,879.05,0.0,0.0,42.0,3.0,213600.0,0.0,2025-02-14,google||1_닥터디퍼런트 키워드(14827975189),333,2025-05-23 13:32:44.665270
566-352-3778,디멘드젠_배너,2832,25,11410,0,18.13,0.0,0.0,25.0,0.0,0.0,0.0,2025-02-14,google||디멘드젠_배너(22236393020),333,2025-05-23 13:32:44.665270
566-352-3778,디멘드젠_영상_250122,27829,361,303069,3150,1875.88,0.0,0.0,361.0,4.83,336955.98,0.0,2025-02-14,google||디멘드젠_영상_250122(22155808690),333,2025-05-23 13:32:44.665270
566-352-3778,1_닥터디퍼런트 키워드,1682,30,10795,0,379.95,0.0,0.0,30.0,4.0,283700.0,0.0,2025-02-15,google||1_닥터디퍼런트 키워드(14827975189),333,2025-05-23 13:32:44.665270
566-352-3778,디멘드젠_배너,34370,296,125066,0,643.15,0.0,0.0,296.0,2.43,180702.43,0.0,2025-02-15,google||디멘드젠_배너(22236393020),333,2025-05-23 13:32:44.665270
566-352-3778,디멘드젠_영상_250122,33706,446,310519,4547,1455.88,0.0,0.0,446.0,15.22,1131630.4,0.0,2025-02-15,google||디멘드젠_영상_250122(22155808690),333,2025-05-23 13:32:44.665270
566-352-3778,1_닥터디퍼런트 키워드,1730,27,11043,0,475.64,0.0,0.0,27.0,3.0,149150.0,0.0,2025-02-16,google||1_닥터디퍼런트 키워드(14827975189),333,2025-05-23 13:32:44.665270
566-352-3778,디멘드젠_배너,16493,218,179799,0,5.58,0.0,0.0,218.0,0.0,0.0,0.0,2025-02-16,google||디멘드젠_배너(22236393020),333,2025-05-23 13:32:44.665270
566-352-3778,디멘드젠_영상_250122,36954,480,322100,4047,1695.38,0.0,0.0,480.0,18.41,1157466.85,0.0,2025-02-16,google||디멘드젠_영상_250122(22155808690),333,2025-05-23 13:32:44.665270
566-352-3778,1_닥터디퍼런트 키워드,1813,38,12021,0,557.34,0.0,0.0,38.0,2.0,114500.0,0.0,2025-02-17,google||1_닥터디퍼런트 키워드(14827975189),333,2025-05-23 13:32:44.665270
566-352-3778,디멘드젠_배너,25740,402,176606,0,69.02,0.0,0.0,402.0,0.0,0.0,0.0,2025-02-17,google||디멘드젠_배너(22236393020),333,2025-05-23 13:32:44.665270
566-352-3778,디멘드젠_영상_250122,43596,621,322218,4484,2627.32,0.0,0.0,621.0,23.09,1541296.03,0.0,2025-02-17,google||디멘드젠_영상_250122(22155808690),333,2025-05-23 13:32:44.665270
566-352-3778,1_닥터디퍼런트 키워드,1754,51,14822,0,1007.05,0.0,0.0,51.0,5.01,419096.61,0.0,2025-02-18,google||1_닥터디퍼런트 키워드(14827975189),333,2025-05-23 13:32:44.665270
566-352-3778,디멘드젠_배너,13659,297,92175,0,24.96,0.0,0.0,297.0,0.0,0.0,0.0,2025-02-18,google||디멘드젠_배너(22236393020),333,2025-05-23 13:32:44.665270
566-352-3778,디멘드젠_영상_250122,43244,750,295374,3307,2526.08,0.0,0.0,750.0,9.78,729071.75,0.0,2025-02-18,google||디멘드젠_영상_250122(22155808690),333,2025-05-23 13:32:44.665270
566-352-3778,1_닥터디퍼런트 키워드,2092,48,14432,0,640.55,0.0,0.0,48.0,4.02,251756.36,0.0,2025-02-19,google||1_닥터디퍼런트 키워드(14827975189),333,2025-05-23 13:32:44.665270
566-352-3778,디멘드젠_영상_250122,56954,655,303354,8154,2129.19,0.0,0.0,655.0,28.73,1657131.18,0.0,2025-02-19,google||디멘드젠_영상_250122(22155808690),333,2025-05-23 13:32:44.665270
566-352-3778,1_닥터디퍼런트 키워드,2122,30,7549,0,352.21,0.0,0.0,30.0,1.01,90702.54,0.0,2025-02-20,google||1_닥터디퍼런트 키워드(14827975189),333,2025-05-23 13:32:44.665270
566-352-3778,디멘드젠_영상_250122,44602,552,308326,4472,1648.8,0.0,0.0,552.0,14.55,1206429.92,0.0,2025-02-20,google||디멘드젠_영상_250122(22155808690),333,2025-05-23 13:32:44.665270
566-352-3778,1_닥터디퍼런트 키워드,1828,27,8362,0,178.51,0.0,0.0,27.0,1.0,67000.0,0.0,2025-02-21,google||1_닥터디퍼런트 키워드(14827975189),333,2025-05-23 13:32:44.665270
566-352-3778,디맨드젠__CEQ_1,24059,158,300013,1364,612.37,0.0,0.0,158.0,3.59,243900.85,0.0,2025-02-21,google||디맨드젠__CEQ_1(21853107252),333,2025-05-23 13:32:44.665270
566-352-3778,디멘드젠_영상_250122,36070,488,300700,3645,1333.8,0.0,0.0,488.0,15.23,1147335.41,0.0,2025-02-21,google||디멘드젠_영상_250122(22155808690),333,2025-05-23 13:32:44.665270
566-352-3778,1_닥터디퍼런트 키워드,1688,28,10584,0,273.21,0.0,0.0,28.0,2.0,125100.0,0.0,2025-02-22,google||1_닥터디퍼런트 키워드(14827975189),333,2025-05-23 13:32:44.665270
566-352-3778,디맨드젠__CEQ_1,26738,298,313227,2466,1388.31,0.0,0.0,298.0,3.89,411849.63,0.0,2025-02-22,google||디맨드젠__CEQ_1(21853107252),333,2025-05-23 13:32:44.665270
566-352-3778,디멘드젠_영상_250122,49358,750,312045,9527,1864.72,0.0,0.0,750.0,20.34,1207055.59,0.0,2025-02-22,google||디멘드젠_영상_250122(22155808690),333,2025-05-23 13:32:44.665270
566-352-3778,1_닥터디퍼런트 키워드,1789,19,6774,0,170.95,0.0,0.0,19.0,2.0,172000.0,0.0,2025-02-23,google||1_닥터디퍼런트 키워드(14827975189),333,2025-05-23 13:32:44.665270
566-352-3778,디맨드젠__CEQ_1,22314,246,309528,1604,1189.73,0.0,0.0,246.0,7.3,510207.65,0.0,2025-02-23,google||디맨드젠__CEQ_1(21853107252),333,2025-05-23 13:32:44.665270
566-352-3778,디멘드젠_영상_250122,54368,896,310077,10506,1758.36,0.0,0.0,896.0,29.64,2034327.78,0.0,2025-02-23,google||디멘드젠_영상_250122(22155808690),333,2025-05-23 13:32:44.665270
566-352-3778,1_닥터디퍼런트 키워드,1934,36,11743,0,316.95,0.0,0.0,36.0,1.0,182600.0,0.0,2025-02-24,google||1_닥터디퍼런트 키워드(14827975189),333,2025-05-23 13:32:44.665270
566-352-3778,디멘드젠_영상_250122,41763,702,327547,8471,1698.19,0.0,0.0,702.0,13.36,840260.15,0.0,2025-02-24,google||디멘드젠_영상_250122(22155808690),333,2025-05-23 13:32:44.665270
566-352-3778,1_닥터디퍼런트 키워드,2135,29,8931,0,716.23,0.0,0.0,29.0,1.0,37800.0,0.0,2025-02-25,google||1_닥터디퍼런트 키워드(14827975189),333,2025-05-23 13:32:44.665270
566-352-3778,디멘드젠_영상_250122,26156,459,287199,5870,1574.56,0.0,0.0,459.0,13.82,914541.59,0.0,2025-02-25,google||디멘드젠_영상_250122(22155808690),333,2025-05-23 13:32:44.665270
566-352-3778,1_닥터디퍼런트 키워드,1908,22,6481,0,166.55,0.0,0.0,22.0,0.0,0.0,0.0,2025-02-26,google||1_닥터디퍼런트 키워드(14827975189),333,2025-05-23 13:32:44.665270
566-352-3778,디멘드젠_영상_250122,36907,635,293200,7879,1382.73,0.0,0.0,635.0,7.97,515409.44,0.0,2025-02-26,google||디멘드젠_영상_250122(22155808690),333,2025-05-23 13:32:44.665270
566-352-3778,1_닥터디퍼런트 키워드,2010,25,6167,0,264.2,0.0,0.0,25.0,4.0,189314.0,0.0,2025-02-27,google||1_닥터디퍼런트 키워드(14827975189),333,2025-05-23 13:32:44.665270
566-352-3778,디멘드젠_영상_250122,23720,474,291202,5142,1178.44,0.0,0.0,474.0,10.6,758365.76,0.0,2025-02-27,google||디멘드젠_영상_250122(22155808690),333,2025-05-23 13:32:44.665270
566-352-3778,1_닥터디퍼런트 키워드,2177,27,7327,0,117.81,0.0,0.0,27.0,0.0,0.0,0.0,2025-02-28,google||1_닥터디퍼런트 키워드(14827975189),333,2025-05-23 13:32:44.665270
566-352-3778,디멘드젠_영상_250122,23039,474,277917,4991,1212.95,0.0,0.0,474.0,14.63,945192.41,0.0,2025-02-28,google||디멘드젠_영상_250122(22155808690),333,2025-05-23 13:32:44.665270
566-352-3778,1_닥터디퍼런트 키워드,3416,24,8597,0,192.87,0.0,0.0,24.0,1.0,40500.0,0.0,2025-03-01,google||1_닥터디퍼런트 키워드(14827975189),333,2025-05-23 13:32:44.665270
566-352-3778,디멘드젠_영상_250122,27510,583,297202,5890,1515.62,0.0,0.0,583.0,17.46,1369782.91,0.0,2025-03-01,google||디멘드젠_영상_250122(22155808690),333,2025-05-23 13:32:44.665270
566-352-3778,1_닥터디퍼런트 키워드,3439,30,10975,0,323.67,0.0,4.0254,30.0,0.01,402.54,563.556,2025-03-02,google||1_닥터디퍼런트 키워드(14827975189),333,2025-05-23 13:32:44.665270
566-352-3778,디멘드젠_영상_250122,28739,585,317070,6006,1420.29,0.0,0.0,585.0,14.09,721033.92,0.0,2025-03-02,google||디멘드젠_영상_250122(22155808690),333,2025-05-23 13:32:44.665270
566-352-3778,1_닥터디퍼런트 키워드,2933,35,14109,0,245.18,0.0,0.0,35.0,1.0,77000.0,0.0,2025-03-03,google||1_닥터디퍼런트 키워드(14827975189),333,2025-05-23 13:32:44.665270
566-352-3778,디멘드젠_영상_250122,43370,718,390419,6519,2001.62,0.0,0.0,718.0,9.01,559599.47,0.0,2025-03-03,google||디멘드젠_영상_250122(22155808690),333,2025-05-23 13:32:44.665270
566-352-3778,1_닥터디퍼런트 키워드,2422,25,8574,0,267.09,0.0,0.0,25.0,2.0,156010.0,0.0,2025-03-04,google||1_닥터디퍼런트 키워드(14827975189),333,2025-05-23 13:32:44.665270
566-352-3778,디멘드젠_영상_250122,47124,771,392784,7496,2844.63,0.0,0.0,771.0,12.25,903522.76,0.0,2025-03-04,google||디멘드젠_영상_250122(22155808690),333,2025-05-23 13:32:44.665270
566-352-3778,1_닥터디퍼런트 키워드,1872,51,16032,0,333.88,0.0,0.0,51.0,0.0,0.0,0.0,2025-03-05,google||1_닥터디퍼런트 키워드(14827975189),333,2025-05-23 13:32:44.665270
566-352-3778,디멘드젠_영상_250122,43142,683,396203,4881,2173.59,0.0,0.0,683.0,6.74,677956.29,0.0,2025-03-05,google||디멘드젠_영상_250122(22155808690),333,2025-05-23 13:32:44.665270
566-352-3778,1_닥터디퍼런트 키워드,1902,43,11962,0,201.02,0.0,0.0,43.0,0.0,213.5,298.9,2025-03-06,google||1_닥터디퍼런트 키워드(14827975189),333,2025-05-23 13:32:44.665270
566-352-3778,pmax_250306,2148,22,17392,198,128.59,0.0,0.0,22.0,0.58,38260.07,0.0,2025-03-06,google||pmax_250306(22313081441),333,2025-05-23 13:32:44.665270
566-352-3778,디멘드젠_영상_250122,48644,851,381195,2825,2037.54,0.0,0.0,851.0,6.68,487159.73,0.0,2025-03-06,google||디멘드젠_영상_250122(22155808690),333,2025-05-23 13:32:44.665270
566-352-3778,1_닥터디퍼런트 키워드,1911,12,5473,0,52.78,0.0,0.0,12.0,0.0,0.0,0.0,2025-03-07,google||1_닥터디퍼런트 키워드(14827975189),333,2025-05-23 13:32:44.665270
566-352-3778,pmax_250306,14861,125,199993,307,627.07,0.0,0.0,125.0,3.29,189264.31,0.0,2025-03-07,google||pmax_250306(22313081441),333,2025-05-23 13:32:44.665270
566-352-3778,디멘드젠_영상_250122,33167,481,382661,3963,1681.5,0.0,0.0,481.0,8.51,712166.57,0.0,2025-03-07,google||디멘드젠_영상_250122(22155808690),333,2025-05-23 13:32:44.665270
566-352-3778,1_닥터디퍼런트 키워드,1539,4,1959,0,53.01,0.0,0.0,4.0,0.0,0.0,0.0,2025-03-08,google||1_닥터디퍼런트 키워드(14827975189),333,2025-05-23 13:32:44.665270
566-352-3778,pmax_250306,26663,209,213548,1102,985.69,0.0,0.0,209.0,5.06,383898.84,0.0,2025-03-08,google||pmax_250306(22313081441),333,2025-05-23 13:32:44.665270
566-352-3778,디멘드젠_영상_250122,48525,705,389770,5664,1889.15,0.0,0.0,705.0,6.59,602979.25,0.0,2025-03-08,google||디멘드젠_영상_250122(22155808690),333,2025-05-23 13:32:44.665270
566-352-3778,1_닥터디퍼런트 키워드,1745,20,6420,0,133.91,0.0,0.0,20.0,0.0,0.0,0.0,2025-03-09,google||1_닥터디퍼런트 키워드(14827975189),333,2025-05-23 13:32:44.665270
566-352-3778,pmax_250306,14275,168,208619,106,478.12,0.0,0.0,168.0,1.0,52060.73,0.0,2025-03-09,google||pmax_250306(22313081441),333,2025-05-23 13:32:44.665270
566-352-3778,디멘드젠_영상_250122,49829,691,393605,4853,1923.58,0.0,0.0,691.0,5.76,482616.02,0.0,2025-03-09,google||디멘드젠_영상_250122(22155808690),333,2025-05-23 13:32:44.665270
566-352-3778,1_닥터디퍼런트 키워드,1541,14,3893,0,66.32,0.0,4.0259,14.0,0.01,402.59,563.626,2025-03-10,google||1_닥터디퍼런트 키워드(14827975189),333,2025-05-23 13:32:44.665270
566-352-3778,pmax_250306,11939,150,202236,459,1016.79,0.0,0.0,150.0,8.93,505188.05,0.0,2025-03-10,google||pmax_250306(22313081441),333,2025-05-23 13:32:44.665270
566-352-3778,디멘드젠_영상_250122,48850,789,474044,4085,3250.48,0.0,0.0,789.0,22.62,2038367.35,0.0,2025-03-10,google||디멘드젠_영상_250122(22155808690),333,2025-05-23 13:32:44.665270
566-352-3778,1_닥터디퍼런트 키워드,1299,9,3319,0,141.31,0.0,0.0,9.0,2.0,172300.0,0.0,2025-03-11,google||1_닥터디퍼런트 키워드(14827975189),333,2025-05-23 13:32:44.665270
566-352-3778,pmax_250306,34730,161,184611,461,929.13,0.0,0.0,161.0,7.51,633212.24,0.0,2025-03-11,google||pmax_250306(22313081441),333,2025-05-23 13:32:44.665270
566-352-3778,디멘드젠_영상_250122,48258,667,403085,2977,2454.43,0.0,0.0,667.0,15.06,1019707.22,0.0,2025-03-11,google||디멘드젠_영상_250122(22155808690),333,2025-05-23 13:32:44.665270
566-352-3778,1_닥터디퍼런트 키워드,1137,11,3693,0,65.7,0.0,0.0,11.0,1.0,52000.0,0.0,2025-03-12,google||1_닥터디퍼런트 키워드(14827975189),333,2025-05-23 13:32:44.665270
566-352-3778,pmax_250306,38393,260,299881,1753,1919.33,0.0,0.0,260.0,15.04,1413852.24,0.0,2025-03-12,google||pmax_250306(22313081441),333,2025-05-23 13:32:44.665270
566-352-3778,디멘드젠_영상_250122,64991,825,450162,3254,3010.02,0.0,0.0,825.0,21.21,1802619.87,0.0,2025-03-12,google||디멘드젠_영상_250122(22155808690),333,2025-05-23 13:32:44.665270
566-352-3778,1_닥터디퍼런트 키워드,1015,11,4478,0,245.07,0.0,0.0,11.0,2.02,206635.27,0.0,2025-03-13,google||1_닥터디퍼런트 키워드(14827975189),333,2025-05-23 13:32:44.665270
566-352-3778,pmax_250306,40131,307,316863,2917,1571.57,0.0,0.0,307.0,9.11,497236.59,0.0,2025-03-13,google||pmax_250306(22313081441),333,2025-05-23 13:32:44.665270
566-352-3778,디멘드젠_영상_250122,101108,956,470388,959,3249.89,0.0,0.0,956.0,23.05,1660244.64,0.0,2025-03-13,google||디멘드젠_영상_250122(22155808690),333,2025-05-23 13:32:44.665270
566-352-3778,1_닥터디퍼런트 키워드,1132,8,2597,0,33.39,0.0,11.4202,8.0,0.02,571.01,799.414,2025-03-14,google||1_닥터디퍼런트 키워드(14827975189),333,2025-05-23 13:32:44.665270
566-352-3778,pmax_250306,46812,264,316419,2401,1598.58,0.0,0.0,264.0,9.91,651592.02,0.0,2025-03-14,google||pmax_250306(22313081441),333,2025-05-23 13:32:44.665270
566-352-3778,디멘드젠_영상_250122,127046,1076,470087,766,2840.03,0.0,0.0,1076.0,16.19,1209091.68,0.0,2025-03-14,google||디멘드젠_영상_250122(22155808690),333,2025-05-23 13:32:44.665270
566-352-3778,1_닥터디퍼런트 키워드,1550,15,4980,0,124.0,0.0,0.0,15.0,1.0,103800.0,0.0,2025-03-15,google||1_닥터디퍼런트 키워드(14827975189),333,2025-05-23 13:32:44.665270
566-352-3778,pmax_250306,46809,339,306845,3541,1170.86,0.0,0.0,339.0,4.97,393082.19,0.0,2025-03-15,google||pmax_250306(22313081441),333,2025-05-23 13:32:44.665270
566-352-3778,디멘드젠_영상_250122,133867,1049,468742,566,4298.2,0.0,0.0,1049.0,7.12,595050.5,0.0,2025-03-15,google||디멘드젠_영상_250122(22155808690),333,2025-05-23 13:32:44.665270
566-352-3778,1_닥터디퍼런트 키워드,1530,8,2862,0,50.16,0.0,0.0,8.0,0.0,0.0,0.0,2025-03-16,google||1_닥터디퍼런트 키워드(14827975189),333,2025-05-23 13:32:44.665270
566-352-3778,pmax_250306,57039,320,306777,2981,2179.35,0.0,0.0,320.0,10.26,907826.27,0.0,2025-03-16,google||pmax_250306(22313081441),333,2025-05-23 13:32:44.665270
566-352-3778,디멘드젠_영상_250122,156223,1203,467395,617,3209.29,0.0,0.0,1203.0,10.52,875289.68,0.0,2025-03-16,google||디멘드젠_영상_250122(22155808690),333,2025-05-23 13:32:44.665270
566-352-3778,1_닥터디퍼런트 키워드,1480,3,845,0,13.0,0.0,0.0,3.0,0.0,0.0,0.0,2025-03-17,google||1_닥터디퍼런트 키워드(14827975189),333,2025-05-23 13:32:44.665270
566-352-3778,pmax_250306,73074,258,290561,2319,1418.4,0.0,0.0,258.0,7.56,751099.81,0.0,2025-03-17,google||pmax_250306(22313081441),333,2025-05-23 13:32:44.665270
566-352-3778,디멘드젠_영상_250122,214087,1317,474554,651,3404.73,0.0,0.0,1317.0,18.02,1293471.53,0.0,2025-03-17,google||디멘드젠_영상_250122(22155808690),333,2025-05-23 13:32:44.665270
566-352-3778,1_닥터디퍼런트 키워드,1214,2,118,0,31.0,0.0,0.0,2.0,0.0,0.0,0.0,2025-03-18,google||1_닥터디퍼런트 키워드(14827975189),333,2025-05-23 13:32:44.665270
566-352-3778,pmax_250306,76428,315,318321,1821,1990.82,0.0,0.0,315.0,11.12,753306.68,0.0,2025-03-18,google||pmax_250306(22313081441),333,2025-05-23 13:32:44.665270
566-352-3778,디멘드젠_영상_250122,160510,1146,454962,945,2895.56,0.0,0.0,1146.0,11.44,1107275.11,0.0,2025-03-18,google||디멘드젠_영상_250122(22155808690),333,2025-05-23 13:32:44.665270
566-352-3778,1_닥터디퍼런트 키워드,1201,9,2221,0,44.48,0.0,0.0,9.0,0.0,0.0,0.0,2025-03-19,google||1_닥터디퍼런트 키워드(14827975189),333,2025-05-23 13:32:44.665270
566-352-3778,pmax_250306,69403,200,212960,828,1477.25,0.0,0.0,200.0,12.13,1270862.34,0.0,2025-03-19,google||pmax_250306(22313081441),333,2025-05-23 13:32:44.665270
566-352-3778,디멘드젠_영상_250122,95250,817,461996,1968,2574.27,0.0,0.0,817.0,9.35,488486.53,0.0,2025-03-19,google||디멘드젠_영상_250122(22155808690),333,2025-05-23 13:32:44.665270
566-352-3778,1_닥터디퍼런트 키워드,1210,17,4160,0,34.22,0.0,0.0,17.0,0.0,0.0,0.0,2025-03-20,google||1_닥터디퍼런트 키워드(14827975189),333,2025-05-23 13:32:44.665270
566-352-3778,pmax_250306,95346,377,389029,1929,1864.82,0.0,0.0,377.0,8.55,609672.64,0.0,2025-03-20,google||pmax_250306(22313081441),333,2025-05-23 13:32:44.665270
566-352-3778,디멘드젠_영상_250122,48039,551,459720,2942,1326.52,0.0,0.0,551.0,9.43,590935.29,0.0,2025-03-20,google||디멘드젠_영상_250122(22155808690),333,2025-05-23 13:32:44.665270
566-352-3778,1_닥터디퍼런트 키워드,1267,9,2368,0,23.0,0.0,0.0,9.0,0.0,0.0,0.0,2025-03-21,google||1_닥터디퍼런트 키워드(14827975189),333,2025-05-23 13:32:44.665270
566-352-3778,pmax_250306,67781,268,262256,1169,1292.16,0.0,0.0,268.0,9.3,501130.1,0.0,2025-03-21,google||pmax_250306(22313081441),333,2025-05-23 13:32:44.665270
566-352-3778,디멘드젠_영상_250122,35156,480,456929,4360,1505.8,0.0,0.0,480.0,3.83,251378.49,0.0,2025-03-21,google||디멘드젠_영상_250122(22155808690),333,2025-05-23 13:32:44.665270
566-352-3778,1_닥터디퍼런트 키워드,1171,9,2259,0,12.0,0.0,0.0,9.0,0.0,0.0,0.0,2025-03-22,google||1_닥터디퍼런트 키워드(14827975189),333,2025-05-23 13:32:44.665270
566-352-3778,pmax_250306,67433,327,336570,1886,1568.65,0.0,0.0,327.0,12.47,982924.24,0.0,2025-03-22,google||pmax_250306(22313081441),333,2025-05-23 13:32:44.665270
566-352-3778,디멘드젠_영상_250122,46210,615,458028,5944,1736.2,0.0,0.0,615.0,9.52,759574.43,0.0,2025-03-22,google||디멘드젠_영상_250122(22155808690),333,2025-05-23 13:32:44.665270
566-352-3778,1_닥터디퍼런트 키워드,1406,8,2495,0,38.61,0.0,0.0,8.0,1.98,122628.99,0.0,2025-03-23,google||1_닥터디퍼런트 키워드(14827975189),333,2025-05-23 13:32:44.665270
566-352-3778,pmax_250306,81912,278,230531,479,1201.12,0.0,0.0,278.0,7.4,687509.98,0.0,2025-03-23,google||pmax_250306(22313081441),333,2025-05-23 13:32:44.665270
566-352-3778,디멘드젠_영상_250122,30875,407,350028,3552,1236.54,0.0,0.0,407.0,3.84,390979.93,0.0,2025-03-23,google||디멘드젠_영상_250122(22155808690),333,2025-05-23 13:32:44.665270
566-352-3778,1_닥터디퍼런트 키워드,1113,6,1220,0,31.08,0.0,0.0,6.0,0.0,0.0,0.0,2025-03-24,google||1_닥터디퍼런트 키워드(14827975189),333,2025-05-23 13:32:44.665270
566-352-3778,pmax_250306,116134,517,392941,935,2217.36,0.0,0.0,517.0,12.78,824961.33,0.0,2025-03-24,google||pmax_250306(22313081441),333,2025-05-23 13:32:44.665270
566-352-3778,디멘드젠_영상_250122,29661,401,360528,3530,1419.49,0.0,0.0,401.0,4.91,507559.03,0.0,2025-03-24,google||디멘드젠_영상_250122(22155808690),333,2025-05-23 13:32:44.665270
566-352-3778,1_닥터디퍼런트 키워드,1161,5,1056,0,14.34,0.0,0.0,5.0,1.0,49800.0,0.0,2025-03-25,google||1_닥터디퍼런트 키워드(14827975189),333,2025-05-23 13:32:44.665270
566-352-3778,pmax_250306,73786,286,273317,603,1474.12,0.0,0.0,286.0,10.67,759450.14,0.0,2025-03-25,google||pmax_250306(22313081441),333,2025-05-23 13:32:44.665270
566-352-3778,디멘드젠_영상_250122,32145,445,367176,4752,1169.87,0.0,0.0,445.0,12.16,876664.74,0.0,2025-03-25,google||디멘드젠_영상_250122(22155808690),333,2025-05-23 13:32:44.665270
566-352-3778,1_닥터디퍼런트 키워드,1164,2,384,0,7.86,0.0,0.0,2.0,0.0,0.0,0.0,2025-03-26,google||1_닥터디퍼런트 키워드(14827975189),333,2025-05-23 13:32:44.665270
566-352-3778,pmax_250306,88397,299,272685,578,1638.89,0.0,0.0,299.0,5.25,352357.18,0.0,2025-03-26,google||pmax_250306(22313081441),333,2025-05-23 13:32:44.665270
566-352-3778,디멘드젠_영상_250122,32676,420,359583,4643,878.69,0.0,0.0,420.0,0.17,12068.42,0.0,2025-03-26,google||디멘드젠_영상_250122(22155808690),333,2025-05-23 13:32:44.665270
566-352-3778,1_닥터디퍼런트 키워드,941,5,1938,0,21.35,0.0,0.0,5.0,0.0,0.0,0.0,2025-03-27,google||1_닥터디퍼런트 키워드(14827975189),333,2025-05-23 13:32:44.665270
566-352-3778,pmax_250306,79338,281,258680,592,1638.98,0.0,0.0,281.0,8.42,662025.8,0.0,2025-03-27,google||pmax_250306(22313081441),333,2025-05-23 13:32:44.665270
566-352-3778,디멘드젠_영상_250122,39955,469,356317,3459,1229.24,0.0,0.0,469.0,2.12,217611.33,0.0,2025-03-27,google||디멘드젠_영상_250122(22155808690),333,2025-05-23 13:32:44.665270
566-352-3778,1_닥터디퍼런트 키워드,935,14,4534,0,220.84,0.0,0.0,14.0,2.01,243107.35,0.0,2025-03-28,google||1_닥터디퍼런트 키워드(14827975189),333,2025-05-23 13:32:44.665270
566-352-3778,pmax_250306,36718,266,314135,1656,1062.93,0.0,0.0,266.0,7.58,552959.58,0.0,2025-03-28,google||pmax_250306(22313081441),333,2025-05-23 13:32:44.665270
566-352-3778,디멘드젠_영상_250122,43918,526,352587,3551,1327.15,0.0,0.0,526.0,5.68,396303.79,0.0,2025-03-28,google||디멘드젠_영상_250122(22155808690),333,2025-05-23 13:32:44.665270
566-352-3778,1_닥터디퍼런트 키워드,818,3,851,0,2.0,0.0,0.0,3.0,0.0,0.0,0.0,2025-03-29,google||1_닥터디퍼런트 키워드(14827975189),333,2025-05-23 13:32:44.665270
566-352-3778,pmax_250306,66777,299,282331,1547,1240.36,0.0,0.0,299.0,5.55,467939.97,0.0,2025-03-29,google||pmax_250306(22313081441),333,2025-05-23 13:32:44.665270
566-352-3778,디멘드젠_영상_250122,44502,541,345565,4366,1823.61,0.0,0.0,541.0,6.78,494670.69,0.0,2025-03-29,google||디멘드젠_영상_250122(22155808690),333,2025-05-23 13:32:44.665270
566-352-3778,1_닥터디퍼런트 키워드,1103,2,769,0,2.0,0.0,0.0,2.0,0.0,0.0,0.0,2025-03-30,google||1_닥터디퍼런트 키워드(14827975189),333,2025-05-23 13:32:44.665270
566-352-3778,pmax_250306,73997,283,180799,614,1299.12,0.0,0.0,283.0,7.96,429241.01,0.0,2025-03-30,google||pmax_250306(22313081441),333,2025-05-23 13:32:44.665270
566-352-3778,디멘드젠_영상_250122,37991,504,338587,4404,1731.26,0.0,0.0,504.0,6.14,517646.96,0.0,2025-03-30,google||디멘드젠_영상_250122(22155808690),333,2025-05-23 13:32:44.665270
566-352-3778,1_닥터디퍼런트 키워드,1163,1,490,0,3.0,0.0,0.0,1.0,0.0,0.0,0.0,2025-03-31,google||1_닥터디퍼런트 키워드(14827975189),333,2025-05-23 13:32:44.665270
566-352-3778,pmax_250306,138154,911,390880,1127,2697.46,0.0,0.0,911.0,30.21,2306249.72,0.0,2025-03-31,google||pmax_250306(22313081441),333,2025-05-23 13:32:44.665270
566-352-3778,디멘드젠_영상_250122,43916,500,320006,3758,1737.71,0.0,0.0,500.0,7.11,563055.7,0.0,2025-03-31,google||디멘드젠_영상_250122(22155808690),333,2025-05-23 13:32:44.665270
566-352-3778,1_닥터디퍼런트 키워드,1246,12,4087,0,44.56,0.0,0.0,12.0,0.0,0.0,0.0,2025-04-01,google||1_닥터디퍼런트 키워드(14827975189),333,2025-05-23 13:32:44.665270
566-352-3778,pmax_250306,138307,820,312529,927,2365.48,0.0,0.0,820.0,17.06,1333506.27,0.0,2025-04-01,google||pmax_250306(22313081441),333,2025-05-23 13:32:44.665270
566-352-3778,디멘드젠_영상_250122,45884,514,355412,4755,1565.53,0.0,0.0,514.0,13.74,932030.81,0.0,2025-04-01,google||디멘드젠_영상_250122(22155808690),333,2025-05-23 13:32:44.665270
566-352-3778,1_닥터디퍼런트 키워드,1107,10,2346,0,32.0,0.0,0.0,10.0,0.0,0.0,0.0,2025-04-02,google||1_닥터디퍼런트 키워드(14827975189),333,2025-05-23 13:32:44.665270
566-352-3778,pmax_250306,120727,595,292570,608,1604.79,0.0,0.0,595.0,13.66,1169193.84,0.0,2025-04-02,google||pmax_250306(22313081441),333,2025-05-23 13:32:44.665270
566-352-3778,디멘드젠_영상_250122,31480,385,371134,4933,1023.59,0.0,0.0,385.0,5.19,433674.7,0.0,2025-04-02,google||디멘드젠_영상_250122(22155808690),333,2025-05-23 13:32:44.665270
566-352-3778,1_닥터디퍼런트 키워드,860,15,3875,0,41.0,0.0,0.0,15.0,0.0,0.0,0.0,2025-04-03,google||1_닥터디퍼런트 키워드(14827975189),333,2025-05-23 13:32:44.665270
566-352-3778,pmax_250306,124914,645,275564,893,2201.04,0.0,0.0,645.0,8.69,535399.37,0.0,2025-04-03,google||pmax_250306(22313081441),333,2025-05-23 13:32:44.665270
566-352-3778,디멘드젠_영상_250122,30507,379,370371,4347,1382.46,0.0,0.0,379.0,3.47,258355.86,0.0,2025-04-03,google||디멘드젠_영상_250122(22155808690),333,2025-05-23 13:32:44.665270
566-352-3778,1_닥터디퍼런트 키워드,589,5,1386,0,9.85,0.0,0.0,5.0,0.0,0.0,0.0,2025-04-04,google||1_닥터디퍼런트 키워드(14827975189),333,2025-05-23 13:32:44.665270
566-352-3778,pmax_250306,125211,664,310002,627,2235.34,0.0,0.0,664.0,9.96,974749.64,0.0,2025-04-04,google||pmax_250306(22313081441),333,2025-05-23 13:32:44.665270
566-352-3778,디멘드젠_영상_250122,36994,388,370022,4106,1563.19,0.0,0.0,388.0,12.91,879208.97,0.0,2025-04-04,google||디멘드젠_영상_250122(22155808690),333,2025-05-23 13:32:44.665270
566-352-3778,1_닥터디퍼런트 키워드,1108,5,1336,0,13.19,0.0,0.0,5.0,0.0,0.0,0.0,2025-04-05,google||1_닥터디퍼런트 키워드(14827975189),333,2025-05-23 13:32:44.665270
566-352-3778,pmax_250306,125878,1106,323215,772,3268.77,0.0,0.0,1106.0,12.04,895630.61,0.0,2025-04-05,google||pmax_250306(22313081441),333,2025-05-23 13:32:44.665270
566-352-3778,디멘드젠_영상_250122,97773,701,369534,2630,1856.91,0.0,0.0,701.0,9.51,795974.53,0.0,2025-04-05,google||디멘드젠_영상_250122(22155808690),333,2025-05-23 13:32:44.665270
566-352-3778,1_닥터디퍼런트 키워드,713,3,1303,0,102.86,0.0,0.0,3.0,0.96,48460.56,0.0,2025-04-06,google||1_닥터디퍼런트 키워드(14827975189),333,2025-05-23 13:32:44.665270
566-352-3778,pmax_250306,124668,1015,319047,757,2722.37,0.0,0.0,1015.0,9.68,707833.83,0.0,2025-04-06,google||pmax_250306(22313081441),333,2025-05-23 13:32:44.665270
566-352-3778,디멘드젠_영상_250122,35296,413,369693,4126,1473.04,0.0,0.0,413.0,6.54,402332.47,0.0,2025-04-06,google||디멘드젠_영상_250122(22155808690),333,2025-05-23 13:32:44.665270
566-352-3778,1_닥터디퍼런트 키워드,684,8,2142,0,36.0,0.0,0.0,8.0,0.0,0.0,0.0,2025-04-07,google||1_닥터디퍼런트 키워드(14827975189),333,2025-05-23 13:32:44.665270
566-352-3778,pmax_250306,105964,619,300307,911,2099.26,0.0,0.0,619.0,6.99,370546.54,0.0,2025-04-07,google||pmax_250306(22313081441),333,2025-05-23 13:32:44.665270
566-352-3778,디멘드젠_영상_250122,39491,400,367774,4212,1589.88,0.0,0.0,400.0,4.15,252655.36,0.0,2025-04-07,google||디멘드젠_영상_250122(22155808690),333,2025-05-23 13:32:44.665270
566-352-3778,1_닥터디퍼런트 키워드,519,4,1399,0,11.0,0.0,0.0,4.0,0.0,0.0,0.0,2025-04-08,google||1_닥터디퍼런트 키워드(14827975189),333,2025-05-23 13:32:44.665270
566-352-3778,pmax_250306,115523,703,308568,1851,2389.93,0.0,0.0,703.0,5.0,270994.29,0.0,2025-04-08,google||pmax_250306(22313081441),333,2025-05-23 13:32:44.665270
566-352-3778,디멘드젠_영상_250122,42807,414,367908,4159,2435.56,0.0,0.0,414.0,8.09,577641.73,0.0,2025-04-08,google||디멘드젠_영상_250122(22155808690),333,2025-05-23 13:32:44.665270
566-352-3778,1_닥터디퍼런트 키워드,503,5,1777,0,6.94,0.0,0.0,5.0,0.0,0.0,0.0,2025-04-09,google||1_닥터디퍼런트 키워드(14827975189),333,2025-05-23 13:32:44.665270
566-352-3778,pmax_250306,122817,839,322511,1384,2265.11,0.0,0.0,839.0,9.98,1058976.9,0.0,2025-04-09,google||pmax_250306(22313081441),333,2025-05-23 13:32:44.665270
566-352-3778,디멘드젠_영상_250122,28305,368,365708,4555,1584.37,0.0,0.0,368.0,6.92,550679.91,0.0,2025-04-09,google||디멘드젠_영상_250122(22155808690),333,2025-05-23 13:32:44.665270
566-352-3778,1_닥터디퍼런트 키워드,404,4,1474,0,13.11,0.0,0.0,4.0,0.0,0.0,0.0,2025-04-10,google||1_닥터디퍼런트 키워드(14827975189),333,2025-05-23 13:32:44.665270
566-352-3778,pmax_250306,93969,800,253619,859,2034.38,0.0,0.0,800.0,11.49,411666.44,0.0,2025-04-10,google||pmax_250306(22313081441),333,2025-05-23 13:32:44.665270
566-352-3778,디멘드젠_영상_250122,24143,299,364686,2815,1379.59,0.0,0.0,299.0,8.93,767580.96,0.0,2025-04-10,google||디멘드젠_영상_250122(22155808690),333,2025-05-23 13:32:44.665270
566-352-3778,1_닥터디퍼런트 키워드,406,6,2150,0,13.0,0.0,0.0,6.0,0.0,0.0,0.0,2025-04-11,google||1_닥터디퍼런트 키워드(14827975189),333,2025-05-23 13:32:44.665270
566-352-3778,pmax_250306,198610,1966,351023,900,4227.08,0.0,0.0,1966.0,14.22,948108.51,0.0,2025-04-11,google||pmax_250306(22313081441),333,2025-05-23 13:32:44.665270
566-352-3778,디멘드젠_영상_250122,23239,296,364526,2625,1437.46,0.0,0.0,296.0,9.56,573455.32,0.0,2025-04-11,google||디멘드젠_영상_250122(22155808690),333,2025-05-23 13:32:44.665270
566-352-3778,1_닥터디퍼런트 키워드,659,4,1647,0,18.0,0.0,0.0,4.0,0.0,0.0,0.0,2025-04-12,google||1_닥터디퍼런트 키워드(14827975189),333,2025-05-23 13:32:44.665270
566-352-3778,pmax_250306,200635,2225,334808,911,4152.45,0.0,0.0,2225.0,18.19,935498.74,0.0,2025-04-12,google||pmax_250306(22313081441),333,2025-05-23 13:32:44.665270
566-352-3778,디멘드젠_영상_250122,24763,328,366064,2501,1408.88,0.0,0.0,328.0,6.52,432519.13,0.0,2025-04-12,google||디멘드젠_영상_250122(22155808690),333,2025-05-23 13:32:44.665270
566-352-3778,1_닥터디퍼런트 키워드,512,3,988,0,15.0,0.0,0.0,3.0,0.0,0.0,0.0,2025-04-13,google||1_닥터디퍼런트 키워드(14827975189),333,2025-05-23 13:32:44.665270
566-352-3778,pmax_250306,215588,2194,300690,774,4494.53,0.0,0.0,2194.0,9.59,843437.57,0.0,2025-04-13,google||pmax_250306(22313081441),333,2025-05-23 13:32:44.665270
566-352-3778,디멘드젠_영상_250122,29138,307,363395,2103,1242.97,0.0,0.0,307.0,6.38,542058.64,0.0,2025-04-13,google||디멘드젠_영상_250122(22155808690),333,2025-05-23 13:32:44.665270
566-352-3778,1_닥터디퍼런트 키워드,595,11,3735,0,63.14,0.0,0.0,11.0,1.0,37800.0,0.0,2025-04-14,google||1_닥터디퍼런트 키워드(14827975189),333,2025-05-23 13:32:44.665270
566-352-3778,pmax_250306,213941,1875,275722,339,4038.56,0.0,0.0,1875.0,11.54,635187.64,0.0,2025-04-14,google||pmax_250306(22313081441),333,2025-05-23 13:32:44.665270
566-352-3778,디멘드젠_영상_250122,32941,323,360976,1853,1396.83,0.0,0.0,323.0,8.71,695767.41,0.0,2025-04-14,google||디멘드젠_영상_250122(22155808690),333,2025-05-23 13:32:44.665270
566-352-3778,1_닥터디퍼런트 키워드,710,15,5518,0,64.25,0.0,0.0,15.0,0.0,0.0,0.0,2025-04-15,google||1_닥터디퍼런트 키워드(14827975189),333,2025-05-23 13:32:44.665270
566-352-3778,pmax_250306,168514,1489,323652,249,3002.07,0.0,0.0,1489.0,12.09,885628.61,0.0,2025-04-15,google||pmax_250306(22313081441),333,2025-05-23 13:32:44.665270
566-352-3778,디멘드젠_영상_250122,33714,390,360606,1789,1606.54,0.0,0.0,390.0,5.81,511026.09,0.0,2025-04-15,google||디멘드젠_영상_250122(22155808690),333,2025-05-23 13:32:44.665270
566-352-3778,1_닥터디퍼런트 키워드,457,7,1983,0,83.97,0.0,0.0,7.0,1.0,65990.0,0.0,2025-04-16,google||1_닥터디퍼런트 키워드(14827975189),333,2025-05-23 13:32:44.665270
566-352-3778,pmax_250306,115860,831,304287,361,2785.13,0.0,0.0,831.0,6.66,433683.83,0.0,2025-04-16,google||pmax_250306(22313081441),333,2025-05-23 13:32:44.665270
566-352-3778,디멘드젠_영상_250122,26299,297,358956,1805,1164.18,0.0,0.0,297.0,8.09,677217.59,0.0,2025-04-16,google||디멘드젠_영상_250122(22155808690),333,2025-05-23 13:32:44.665270
566-352-3778,1_닥터디퍼런트 키워드,602,7,1991,0,10.4,0.0,0.0,7.0,0.0,0.0,0.0,2025-04-17,google||1_닥터디퍼런트 키워드(14827975189),333,2025-05-23 13:32:44.665270
566-352-3778,pmax_250306,94294,658,326933,276,1996.23,0.0,0.0,658.0,8.0,543957.41,0.0,2025-04-17,google||pmax_250306(22313081441),333,2025-05-23 13:32:44.665270
566-352-3778,디멘드젠_영상_250122,22461,246,359488,1657,809.83,0.0,0.0,246.0,6.16,526314.18,0.0,2025-04-17,google||디멘드젠_영상_250122(22155808690),333,2025-05-23 13:32:44.665270
566-352-3778,1_닥터디퍼런트 키워드,514,11,3586,0,138.04,0.0,0.0,11.0,0.0,0.0,0.0,2025-04-18,google||1_닥터디퍼런트 키워드(14827975189),333,2025-05-23 13:32:44.665270
566-352-3778,pmax_250306,94136,553,255402,411,1645.74,0.0,0.0,553.0,7.66,703675.47,0.0,2025-04-18,google||pmax_250306(22313081441),333,2025-05-23 13:32:44.665270
566-352-3778,디멘드젠_영상_250122,37566,366,356773,1094,935.81,0.0,0.0,366.0,3.49,235686.45,0.0,2025-04-18,google||디멘드젠_영상_250122(22155808690),333,2025-05-23 13:32:44.665270
801741844309660,[IOS]tCPA_3월,104525,745,991105,7237,87.0,10.0,112139.0,0.0,0.0,0.0,0.0,2025-04-18,meta||[IOS]tCPA_3월(120219231763360229),333,2025-05-23 13:32:44.665270
801741844309660,[IOS]tCPA_지역타게팅_3월,9560,84,111434,1021,9.0,1.0,8929.0,0.0,0.0,0.0,0.0,2025-04-18,meta||[IOS]tCPA_지역타게팅_3월(120218197563370229),333,2025-05-23 13:32:44.665270
801741844309660,[IOS]남성/여성_2501,79265,408,690831,7240,48.0,21.0,448362.0,0.0,0.0,0.0,0.0,2025-04-18,meta||[IOS]남성/여성_2501(120214732516700229),333,2025-05-23 13:32:44.665270
566-352-3778,1_닥터디퍼런트 키워드,553,1,497,0,4.0,0.0,0.0,1.0,0.0,0.0,0.0,2025-04-19,google||1_닥터디퍼런트 키워드(14827975189),333,2025-05-23 13:32:44.665270
566-352-3778,pmax_250306,123851,1052,327336,474,3017.82,0.0,0.0,1052.0,11.96,1027263.75,0.0,2025-04-19,google||pmax_250306(22313081441),333,2025-05-23 13:32:44.665270
566-352-3778,디멘드젠_영상_250122,33546,403,355114,2486,1112.67,0.0,0.0,403.0,6.24,601138.12,0.0,2025-04-19,google||디멘드젠_영상_250122(22155808690),333,2025-05-23 13:32:44.665270
801741844309660,[IOS]tCPA_3월,92151,818,1007674,7281,107.0,12.0,146396.0,0.0,0.0,0.0,0.0,2025-04-19,meta||[IOS]tCPA_3월(120219231763360229),333,2025-05-23 13:32:44.665270
801741844309660,[IOS]tCPA_지역타게팅_3월,17254,139,199083,1736,15.0,4.0,105740.0,0.0,0.0,0.0,0.0,2025-04-19,meta||[IOS]tCPA_지역타게팅_3월(120218197563370229),333,2025-05-23 13:32:44.665270
801741844309660,[IOS]남성/여성_2501,69106,433,707471,6441,63.0,15.0,232215.0,0.0,0.0,0.0,0.0,2025-04-19,meta||[IOS]남성/여성_2501(120214732516700229),333,2025-05-23 13:32:44.665270
566-352-3778,1_닥터디퍼런트 키워드,679,9,3351,0,111.33,0.0,0.0,9.0,3.0,194400.0,0.0,2025-04-20,google||1_닥터디퍼런트 키워드(14827975189),333,2025-05-23 13:32:44.665270
566-352-3778,pmax_250306,105927,789,322713,514,2233.68,0.0,0.0,789.0,13.23,1044554.46,0.0,2025-04-20,google||pmax_250306(22313081441),333,2025-05-23 13:32:44.665270
566-352-3778,디멘드젠_영상_250122,25936,372,353401,2718,1068.77,0.0,0.0,372.0,4.67,320668.21,0.0,2025-04-20,google||디멘드젠_영상_250122(22155808690),333,2025-05-23 13:32:44.665270
801741844309660,[IOS]tCPA_3월,86904,976,1065228,7689,116.0,4.0,142494.0,0.0,0.0,0.0,0.0,2025-04-20,meta||[IOS]tCPA_3월(120219231763360229),333,2025-05-23 13:32:44.665270
801741844309660,[IOS]tCPA_지역타게팅_3월,14492,141,187059,1477,25.0,2.0,26103.0,0.0,0.0,0.0,0.0,2025-04-20,meta||[IOS]tCPA_지역타게팅_3월(120218197563370229),333,2025-05-23 13:32:44.665270
801741844309660,[IOS]남성/여성_2501,68505,504,745635,7218,79.0,16.0,275028.0,0.0,0.0,0.0,0.0,2025-04-20,meta||[IOS]남성/여성_2501(120214732516700229),333,2025-05-23 13:32:44.665270
566-352-3778,1_닥터디퍼런트 키워드,661,5,1916,0,29.0,0.0,0.0,5.0,1.0,68000.0,0.0,2025-04-21,google||1_닥터디퍼런트 키워드(14827975189),333,2025-05-23 13:32:44.665270
566-352-3778,pmax_250306,92760,568,302040,592,1882.45,0.0,0.0,568.0,11.81,838319.76,0.0,2025-04-21,google||pmax_250306(22313081441),333,2025-05-23 13:32:44.665270
566-352-3778,디멘드젠_영상_250122,28727,320,351978,3297,1155.24,0.0,0.0,320.0,9.06,572074.34,0.0,2025-04-21,google||디멘드젠_영상_250122(22155808690),333,2025-05-23 13:32:44.665270
801741844309660,[IOS]tCPA_3월,83041,840,952967,6708,75.0,14.0,209410.0,0.0,0.0,0.0,0.0,2025-04-21,meta||[IOS]tCPA_3월(120219231763360229),333,2025-05-23 13:32:44.665270
801741844309660,[IOS]tCPA_지역타게팅_3월,11716,105,147414,1096,17.0,4.0,155159.0,0.0,0.0,0.0,0.0,2025-04-21,meta||[IOS]tCPA_지역타게팅_3월(120218197563370229),333,2025-05-23 13:32:44.665270
801741844309660,[IOS]남성/여성_2501,71156,469,709673,6719,63.0,21.0,451316.0,0.0,0.0,0.0,0.0,2025-04-21,meta||[IOS]남성/여성_2501(120214732516700229),333,2025-05-23 13:32:44.665270
566-352-3778,1_닥터디퍼런트 키워드,678,8,2483,0,32.12,0.0,0.0,8.0,0.0,0.0,0.0,2025-04-22,google||1_닥터디퍼런트 키워드(14827975189),333,2025-05-23 13:32:44.665270
566-352-3778,pmax_250306,90840,546,284170,675,2154.1,0.0,0.0,546.0,14.66,1111553.02,0.0,2025-04-22,google||pmax_250306(22313081441),333,2025-05-23 13:32:44.665270
566-352-3778,디멘드젠_영상_250122,25646,295,350824,3199,2027.06,0.0,0.0,295.0,12.44,786740.07,0.0,2025-04-22,google||디멘드젠_영상_250122(22155808690),333,2025-05-23 13:32:44.665270
801741844309660,[AOS]남성/여성_2504_인연큐레이션_신규소재,25047,198,62607,2,1.0,0.0,0.0,0.0,0.0,0.0,0.0,2025-04-22,meta||[AOS]남성/여성_2504_인연큐레이션_신규소재(120223119739150229),333,2025-05-23 13:32:44.665270
801741844309660,[IOS]tCPA_3월,85327,762,896208,6071,86.0,17.0,181619.0,0.0,0.0,0.0,0.0,2025-04-22,meta||[IOS]tCPA_3월(120219231763360229),333,2025-05-23 13:32:44.665270
801741844309660,[IOS]tCPA_지역타게팅_3월,12295,120,151587,1210,19.0,2.0,51537.0,0.0,0.0,0.0,0.0,2025-04-22,meta||[IOS]tCPA_지역타게팅_3월(120218197563370229),333,2025-05-23 13:32:44.665270
801741844309660,[IOS]남성/여성_2501,70616,421,691183,6651,65.0,15.0,198218.0,0.0,0.0,0.0,0.0,2025-04-22,meta||[IOS]남성/여성_2501(120214732516700229),333,2025-05-23 13:32:44.665270
801741844309660,[IOS]남성/여성_2504_인연큐레이션_신규소재,1381,3,4088,2,0.0,0.0,0.0,0.0,0.0,0.0,0.0,2025-04-22,meta||[IOS]남성/여성_2504_인연큐레이션_신규소재(120223118133330229),333,2025-05-23 13:32:44.665270
566-352-3778,1_닥터디퍼런트 키워드,680,13,5037,0,32.32,0.0,0.0,13.0,0.0,0.0,0.0,2025-04-23,google||1_닥터디퍼런트 키워드(14827975189),333,2025-05-23 13:32:44.665270
566-352-3778,pmax_250306,80485,449,301875,823,1688.51,0.0,0.0,449.0,11.12,684647.12,0.0,2025-04-23,google||pmax_250306(22313081441),333,2025-05-23 13:32:44.665270
566-352-3778,디멘드젠_영상_250122,22693,320,347578,3263,1092.88,0.0,0.0,320.0,6.44,460044.86,0.0,2025-04-23,google||디멘드젠_영상_250122(22155808690),333,2025-05-23 13:32:44.665270
801741844309660,[AOS]남성/여성_2504_인연큐레이션_신규소재,52497,349,124693,256,4.0,0.0,0.0,0.0,0.0,0.0,0.0,2025-04-23,meta||[AOS]남성/여성_2504_인연큐레이션_신규소재(120223119739150229),333,2025-05-23 13:32:44.665270
801741844309660,[IOS]tCPA_3월,76467,613,807104,5383,70.0,8.0,144315.0,0.0,0.0,0.0,0.0,2025-04-23,meta||[IOS]tCPA_3월(120219231763360229),333,2025-05-23 13:32:44.665270
801741844309660,[IOS]tCPA_지역타게팅_3월,13112,112,159654,1334,12.0,5.0,55312.0,0.0,0.0,0.0,0.0,2025-04-23,meta||[IOS]tCPA_지역타게팅_3월(120218197563370229),333,2025-05-23 13:32:44.665270
801741844309660,[IOS]남성/여성_2501,53035,319,577285,4863,45.0,16.0,180895.0,0.0,0.0,0.0,0.0,2025-04-23,meta||[IOS]남성/여성_2501(120214732516700229),333,2025-05-23 13:32:44.665270
801741844309660,[IOS]남성/여성_2504_인연큐레이션_신규소재,51154,240,138386,660,0.0,0.0,0.0,0.0,0.0,0.0,0.0,2025-04-23,meta||[IOS]남성/여성_2504_인연큐레이션_신규소재(120223118133330229),333,2025-05-23 13:32:44.665270
566-352-3778,1_닥터디퍼런트 키워드,670,5,1198,0,21.19,0.0,0.0,5.0,0.0,0.0,0.0,2025-04-24,google||1_닥터디퍼런트 키워드(14827975189),333,2025-05-23 13:32:44.665270
566-352-3778,pmax_250306,87616,467,273866,717,1773.01,0.0,0.0,467.0,5.74,444755.66,0.0,2025-04-24,google||pmax_250306(22313081441),333,2025-05-23 13:32:44.665270
566-352-3778,디멘드젠_영상_250122,19383,243,345304,2514,1186.88,0.0,0.0,243.0,6.19,501421.65,0.0,2025-04-24,google||디멘드젠_영상_250122(22155808690),333,2025-05-23 13:32:44.665270
566-352-3778,1_닥터디퍼런트 키워드,800,6,1372,0,18.95,0.0,0.0,6.0,0.0,0.0,0.0,2025-04-25,google||1_닥터디퍼런트 키워드(14827975189),333,2025-05-23 13:32:44.665270
566-352-3778,pmax_250306,86818,516,309112,550,2041.99,0.0,0.0,516.0,8.16,680195.24,0.0,2025-04-25,google||pmax_250306(22313081441),333,2025-05-23 13:32:44.665270
566-352-3778,디멘드젠_영상_250122,19783,259,342093,2497,836.26,0.0,0.0,259.0,1.5,71166.74,0.0,2025-04-25,google||디멘드젠_영상_250122(22155808690),333,2025-05-23 13:32:44.665270
566-352-3778,1_닥터디퍼런트 키워드,570,10,4280,0,39.53,0.0,0.0,10.0,0.0,0.0,0.0,2025-04-26,google||1_닥터디퍼런트 키워드(14827975189),333,2025-05-23 13:32:44.665270
566-352-3778,pmax_250306,98084,638,275053,446,2240.89,0.0,0.0,638.0,10.99,868469.57,0.0,2025-04-26,google||pmax_250306(22313081441),333,2025-05-23 13:32:44.665270
566-352-3778,디멘드젠_영상_250122,25081,286,337505,3157,1022.64,0.0,0.0,286.0,4.63,348763.35,0.0,2025-04-26,google||디멘드젠_영상_250122(22155808690),333,2025-05-23 13:32:44.665270
566-352-3778,1_닥터디퍼런트 키워드,701,4,1127,0,11.0,0.0,0.0,4.0,0.0,0.0,0.0,2025-04-27,google||1_닥터디퍼런트 키워드(14827975189),333,2025-05-23 13:32:44.665270
566-352-3778,pmax_250306,80036,510,281610,372,1359.67,0.0,0.0,510.0,2.0,168800.0,0.0,2025-04-27,google||pmax_250306(22313081441),333,2025-05-23 13:32:44.665270
566-352-3778,디멘드젠_영상_250122,26378,386,335111,3765,1509.29,0.0,0.0,386.0,8.56,653683.69,0.0,2025-04-27,google||디멘드젠_영상_250122(22155808690),333,2025-05-23 13:32:44.665270
566-352-3778,1_닥터디퍼런트 키워드,754,18,6870,0,111.6,0.0,0.0,18.0,1.0,69800.0,0.0,2025-04-28,google||1_닥터디퍼런트 키워드(14827975189),333,2025-05-23 13:32:44.665270
566-352-3778,pmax_250306,90795,400,284914,437,2160.69,0.0,0.0,400.0,7.87,783212.76,0.0,2025-04-28,google||pmax_250306(22313081441),333,2025-05-23 13:32:44.665270
566-352-3778,디멘드젠_영상_250122,24429,355,329072,3865,1350.88,0.0,0.0,355.0,15.65,983981.26,0.0,2025-04-28,google||디멘드젠_영상_250122(22155808690),333,2025-05-23 13:32:44.665270
801741844309660,[AOS]남성/여성_2504_인연큐레이션_신규소재,94140,598,803558,6600,92.0,9.0,200400.0,0.0,0.0,0.0,0.0,2025-04-28,meta||[AOS]남성/여성_2504_인연큐레이션_신규소재(120223119739150229),333,2025-05-23 13:32:44.665270
801741844309660,[IOS]tCPA_3월,70698,629,713236,5021,80.0,6.0,49015.0,0.0,0.0,0.0,0.0,2025-04-28,meta||[IOS]tCPA_3월(120219231763360229),333,2025-05-23 13:32:44.665270
801741844309660,[IOS]tCPA_지역타게팅_3월,10237,119,113253,1144,15.0,7.0,71081.0,0.0,0.0,0.0,0.0,2025-04-28,meta||[IOS]tCPA_지역타게팅_3월(120218197563370229),333,2025-05-23 13:32:44.665270
801741844309660,[IOS]남성/여성_2501,38623,257,376578,3509,38.0,14.0,261618.0,0.0,0.0,0.0,0.0,2025-04-28,meta||[IOS]남성/여성_2501(120214732516700229),333,2025-05-23 13:32:44.665270
801741844309660,[IOS]남성/여성_250428_신규소재테스트,13696,117,23499,166,0.0,0.0,0.0,0.0,0.0,0.0,0.0,2025-04-28,meta||[IOS]남성/여성_250428_신규소재테스트(120223927504320229),333,2025-05-23 13:32:44.665270
801741844309660,[IOS]남성/여성_250428_신규소재테스트_CTA영상,3331,33,42017,125,7.0,0.0,0.0,0.0,0.0,0.0,0.0,2025-04-28,meta||[IOS]남성/여성_250428_신규소재테스트_CTA영상(120223965612710229),333,2025-05-23 13:32:44.665270
801741844309660,[IOS]남성/여성_2504_신규소재테스트,1242,2,12507,24,0.0,0.0,0.0,0.0,0.0,0.0,0.0,2025-04-28,meta||[IOS]남성/여성_2504_신규소재테스트(120223450236530229),333,2025-05-23 13:32:44.665270
801741844309660,[IOS]남성/여성_2504_인연큐레이션_신규소재,7695,77,33920,8,0.0,0.0,0.0,0.0,0.0,0.0,0.0,2025-04-28,meta||[IOS]남성/여성_2504_인연큐레이션_신규소재(120223118133330229),333,2025-05-23 13:32:44.665270
566-352-3778,1_닥터디퍼런트 키워드,850,3,1294,0,83.0,0.0,0.0,3.0,1.0,63000.0,0.0,2025-04-29,google||1_닥터디퍼런트 키워드(14827975189),333,2025-05-23 13:32:44.665270
566-352-3778,pmax_250306,86382,414,334085,463,2162.16,0.0,0.0,414.0,11.5,822890.28,0.0,2025-04-29,google||pmax_250306(22313081441),333,2025-05-23 13:32:44.665270
566-352-3778,디멘드젠_영상_250122,22847,327,322801,3234,1067.14,0.0,0.0,327.0,8.63,663178.93,0.0,2025-04-29,google||디멘드젠_영상_250122(22155808690),333,2025-05-23 13:32:44.665270
801741844309660,[AOS]남성/여성_2504_인연큐레이션_신규소재,157135,780,849397,4860,53.0,4.0,118500.0,0.0,0.0,0.0,0.0,2025-04-29,meta||[AOS]남성/여성_2504_인연큐레이션_신규소재(120223119739150229),333,2025-05-23 13:32:44.665270
801741844309660,[IOS]tCPA_3월,53757,444,520407,3901,38.0,13.0,131860.0,0.0,0.0,0.0,0.0,2025-04-29,meta||[IOS]tCPA_3월(120219231763360229),333,2025-05-23 13:32:44.665270
801741844309660,[IOS]tCPA_지역타게팅_3월,10847,87,115871,1018,13.0,9.0,193628.0,0.0,0.0,0.0,0.0,2025-04-29,meta||[IOS]tCPA_지역타게팅_3월(120218197563370229),333,2025-05-23 13:32:44.665270
801741844309660,[IOS]남성/여성_2501,18174,134,172492,1758,19.0,6.0,116808.0,0.0,0.0,0.0,0.0,2025-04-29,meta||[IOS]남성/여성_2501(120214732516700229),333,2025-05-23 13:32:44.665270
801741844309660,[IOS]남성/여성_250428_신규소재테스트_CTA영상,57235,277,438510,1249,54.0,4.0,100400.0,0.0,0.0,0.0,0.0,2025-04-29,meta||[IOS]남성/여성_250428_신규소재테스트_CTA영상(120223965612710229),333,2025-05-23 13:32:44.665270
801741844309660,[IOS]남성/여성_2504_인연큐레이션_신규소재,47469,192,110783,46,0.0,0.0,0.0,0.0,0.0,0.0,0.0,2025-04-29,meta||[IOS]남성/여성_2504_인연큐레이션_신규소재(120223118133330229),333,2025-05-23 13:32:44.665270
566-352-3778,1_닥터디퍼런트 키워드,816,4,509,0,12.88,0.0,0.0,4.0,0.0,0.0,0.0,2025-04-30,google||1_닥터디퍼런트 키워드(14827975189),333,2025-05-23 13:32:44.665270
566-352-3778,pmax_250306,103282,485,281492,767,1567.89,0.0,0.0,485.0,9.0,686367.28,0.0,2025-04-30,google||pmax_250306(22313081441),333,2025-05-23 13:32:44.665270
566-352-3778,디멘드젠_영상_250122,23845,281,306449,2343,1189.8,0.0,0.0,281.0,12.59,913468.23,0.0,2025-04-30,google||디멘드젠_영상_250122(22155808690),333,2025-05-23 13:32:44.665270
801741844309660,[AOS]남성/여성_2504_인연큐레이션_신규소재,82224,477,455830,2073,27.0,4.0,68300.0,0.0,0.0,0.0,0.0,2025-04-30,meta||[AOS]남성/여성_2504_인연큐레이션_신규소재(120223119739150229),333,2025-05-23 13:32:44.665270
801741844309660,[IOS]tCPA_3월,56705,560,635696,5526,61.0,3.0,35417.0,0.0,0.0,0.0,0.0,2025-04-30,meta||[IOS]tCPA_3월(120219231763360229),333,2025-05-23 13:32:44.665270
801741844309660,[IOS]tCPA_지역타게팅_3월,8766,78,98536,931,12.0,6.0,89204.0,0.0,0.0,0.0,0.0,2025-04-30,meta||[IOS]tCPA_지역타게팅_3월(120218197563370229),333,2025-05-23 13:32:44.665270
801741844309660,[IOS]남성/여성_2501,9147,103,100200,927,11.0,7.0,88721.0,0.0,0.0,0.0,0.0,2025-04-30,meta||[IOS]남성/여성_2501(120214732516700229),333,2025-05-23 13:32:44.665270
801741844309660,[IOS]남성/여성_250428_신규소재테스트_CTA영상,57942,287,434950,1271,53.0,4.0,85000.0,0.0,0.0,0.0,0.0,2025-04-30,meta||[IOS]남성/여성_250428_신규소재테스트_CTA영상(120223965612710229),333,2025-05-23 13:32:44.665270
801741844309660,[IOS]남성/여성_2504_인연큐레이션_신규소재,34163,259,119790,13,0.0,0.0,0.0,0.0,0.0,0.0,0.0,2025-04-30,meta||[IOS]남성/여성_2504_인연큐레이션_신규소재(120223118133330229),333,2025-05-23 13:32:44.665270
